customer_id,Recency,Frequency,Monetary,Segment
1,40,3,30644.78,Loyal
2,263,3,21652.87,Loyal
3,68,3,26248.66,Loyal
4,254,3,24197.81,Loyal
5,255,3,19442.01,Loyal
6,113,3,35856.83,Loyal
7,194,3,7707.64,Loyal
8,260,3,2603.58,Lost
9,245,3,26678.97,Loyal
10,127,3,37800.42,Loyal
11,246,3,4079.49,Lost
12,249,3,27157.21,Loyal
13,260,3,15830.32,Loyal
14,250,3,17307.1,Loyal
15,125,3,11392.19,Loyal
16,263,3,34502.7,Loyal
17,255,3,5927.17,Loyal
18,258,3,17305.62,Loyal
19,258,3,18222.87,Loyal
20,260,3,12474.2,Loyal
21,244,3,18298.23,Loyal
22,264,2,18099.34,Lost
23,271,2,5139.71,Lost
24,249,3,15454.83,Loyal
25,263,2,16419.13,Lost
26,261,2,11035.05,Lost
27,271,2,11509.4,Lost
28,259,2,22230.76,Lost
29,250,2,13599.52,Lost
30,254,3,11676.92,Loyal
31,266,3,21928.06,Loyal
32,262,3,19575.27,Loyal
33,170,3,20949.0,Loyal
34,258,2,12816.4,Lost
35,270,2,24779.13,Lost
36,257,2,6399.79,Lost
37,260,2,17155.76,Lost
38,260,2,23397.44,Lost
39,255,2,19143.44,Lost
40,245,3,18767.86,Loyal
41,268,2,4413.35,Lost
42,252,2,10138.3,Lost
43,243,3,25381.62,Loyal
44,247,2,2569.31,Lost
45,244,2,3912.44,Lost
46,251,3,9589.41,Loyal
47,261,3,19538.6,Loyal
48,249,2,13459.23,Lost
49,243,2,1963.57,Lost
50,260,3,17848.29,Loyal
51,270,2,8368.35,Lost
52,266,2,6931.45,Lost
53,169,3,16137.68,Loyal
54,250,2,18567.4,Lost
55,242,2,4673.34,Lost
56,244,3,7179.6,Loyal
57,252,2,8238.99,Lost
58,256,2,24685.44,Lost
59,260,2,15419.1,Lost
60,251,2,11149.28,Lost
61,262,3,29660.54,Loyal
62,271,2,4568.32,Lost
63,253,2,21941.05,Lost
64,268,3,9490.88,Loyal
65,252,2,11978.53,Lost
66,261,3,25940.02,Loyal
67,255,2,1609.72,Lost
68,263,3,11842.18,Loyal
69,267,2,9259.37,Lost
70,255,2,18709.46,Lost
71,244,2,2012.73,Lost
72,251,2,14837.48,Lost
73,255,2,34390.22,Lost
74,242,2,4459.82,Lost
75,264,2,37499.92,Lost
76,256,2,8208.77,Lost
77,252,3,9139.48,Loyal
78,260,2,3709.65,Lost
79,257,2,17641.08,Lost
80,250,2,10715.19,Lost
81,266,2,6159.56,Lost
82,268,2,21997.12,Lost
83,266,2,8487.1,Lost
84,270,2,7748.44,Lost
85,264,2,25771.72,Lost
86,267,2,14937.93,Lost
87,262,2,14460.32,Lost
88,252,2,11000.37,Lost
89,251,2,11985.58,Lost
90,243,2,9840.37,Lost
91,255,2,20830.42,Lost
92,264,2,3278.48,Lost
93,249,2,29214.1,Lost
94,271,2,37138.18,Lost
95,639,1,13169.63,Lost
96,748,1,9097.71,Lost
97,261,2,6899.78,Lost
98,979,1,3079.51,Lost
99,992,1,6290.34,Lost
100,306,1,5999.88,Lost
101,828,1,1479.86,Lost
102,752,1,3397.72,Lost
103,850,1,3397.59,Lost
104,248,2,13443.26,Lost
105,967,1,13782.51,Lost
106,498,1,3019.71,Lost
107,935,1,7397.73,Lost
108,379,1,19263.78,Lost
109,246,2,19739.02,Lost
110,259,2,5802.28,Lost
111,798,1,6641.82,Lost
112,273,1,8597.57,Lost
113,399,1,4815.55,Lost
114,274,1,909.58,Lost
115,334,1,9519.47,Lost
116,257,3,14089.9,Loyal
117,991,2,2619.55,Lost
118,737,1,4421.69,Lost
119,171,2,17709.48,At-Risk
120,266,2,10307.44,Lost
121,253,2,3897.81,Lost
122,337,1,27618.61,Lost
123,180,2,16074.93,At-Risk
124,249,2,6889.39,Lost
125,523,1,7599.82,Lost
126,296,1,10939.61,Lost
127,972,1,7299.69,Lost
128,389,1,7939.79,Lost
129,565,1,3169.88,Lost
130,733,1,529.79,Lost
131,737,1,2538.82,Lost
132,864,1,3541.71,Lost
133,916,1,4219.62,Lost
134,983,1,4490.57,Lost
135,30,2,13323.07,Active
136,0,2,17326.98,Active
137,667,1,761.94,Lost
138,245,2,13312.88,Lost
139,281,1,2899.57,Lost
140,503,1,14239.24,Lost
141,659,1,470.79,Lost
142,560,1,5499.94,Lost
143,473,1,4303.81,Lost
144,854,1,269.94,Lost
145,940,1,9167.77,Lost
146,315,1,7017.59,Lost
147,670,1,11099.83,Lost
148,808,1,1369.72,Lost
149,832,1,8939.84,Lost
150,940,1,4219.83,Lost
151,266,2,7499.36,Lost
152,277,1,4388.6,Lost
153,636,2,18705.86,Lost
154,645,1,939.78,Lost
155,800,1,4569.63,Lost
156,900,1,5167.48,Lost
157,246,2,19879.0,Lost
158,912,1,1479.84,Lost
159,919,1,11799.67,Lost
160,761,1,8469.72,Lost
161,517,1,4717.73,Lost
162,612,1,4830.4,Lost
163,731,1,5401.41,Lost
164,1068,1,1199.93,Lost
165,245,2,12989.0,Lost
166,667,1,939.78,Lost
167,562,1,15053.46,Lost
168,526,1,4517.17,Lost
169,255,2,15597.3,Lost
170,255,2,15980.28,Lost
171,592,1,4088.47,Lost
172,254,2,17911.31,Lost
173,683,1,8892.17,Lost
174,527,1,3119.93,Lost
175,261,2,13859.62,Lost
176,246,2,7802.23,Lost
177,615,1,189.89,Lost
178,764,1,4901.6,Lost
179,585,1,6265.84,Lost
180,272,1,3097.8,Lost
181,269,2,8999.56,Lost
182,500,1,19361.64,Lost
183,980,1,1320.94,Lost
184,669,1,18428.61,Lost
185,508,1,3463.87,Lost
186,437,1,10909.68,Lost
187,256,2,14461.43,Lost
188,247,2,2100.47,Lost
189,504,1,2265.82,Lost
190,716,1,2212.69,Lost
191,248,2,2849.4,Lost
192,251,2,16028.27,Lost
193,809,1,1109.46,Lost
194,269,2,13799.04,Lost
195,295,1,17369.28,Lost
196,598,1,11899.6,Lost
197,824,1,5520.16,Lost
198,499,1,3159.57,Lost
199,860,1,5069.7,Lost
200,680,1,489.79,Lost
201,431,1,2925.4,Lost
202,913,1,4411.71,Lost
203,356,1,13157.52,Lost
204,1034,1,3338.38,Lost
205,998,1,3908.67,Lost
206,947,1,9299.67,Lost
207,683,1,2769.49,Lost
208,265,2,6219.5,Lost
209,505,1,1409.79,Lost
210,416,1,3999.89,Lost
211,900,1,1549.88,Lost
212,775,1,6999.59,Lost
213,427,1,5099.64,Lost
214,599,1,3439.39,Lost
215,579,1,5039.57,Lost
216,440,1,5963.5,Lost
217,269,2,5618.38,Lost
218,1035,1,8346.41,Lost
219,534,1,1733.72,Lost
220,494,1,7319.46,Lost
221,633,1,249.79,Lost
222,428,1,1749.71,Lost
223,943,1,4897.84,Lost
224,249,2,12828.84,Lost
225,498,1,9059.35,Lost
226,419,1,14101.44,Lost
227,392,1,22000.27,Lost
228,285,1,749.89,Lost
229,435,1,875.92,Lost
230,904,1,10148.72,Lost
231,246,2,13687.3,Lost
232,664,1,1915.82,Lost
233,259,2,2658.68,Lost
234,638,1,4389.24,Lost
235,803,1,6399.71,Lost
236,1072,1,4599.8,Lost
237,264,2,2119.86,Lost
238,552,1,21816.61,Lost
239,243,2,11368.84,Lost
240,247,2,11239.0,Lost
241,818,1,2557.5,Lost
242,577,1,7782.59,Lost
243,415,1,2849.74,Lost
244,365,1,1291.61,Lost
245,698,1,12199.64,Lost
246,628,1,6949.48,Lost
247,347,1,11349.85,Lost
248,555,1,1272.68,Lost
249,650,1,761.94,Lost
250,699,1,2511.84,Lost
251,998,1,9369.78,Lost
252,1074,1,10330.54,Lost
253,341,1,1799.78,Lost
254,463,1,1817.75,Lost
255,664,1,11452.38,Lost
256,356,1,2909.52,Lost
257,376,1,5710.58,Lost
258,1084,1,469.92,Lost
259,1092,1,11397.37,Lost
260,808,1,3950.37,Lost
261,847,1,1949.85,Lost
262,389,1,2809.47,Lost
263,288,1,16358.32,Lost
264,1049,1,1669.85,Lost
265,566,1,1199.81,Lost
266,531,1,3039.55,Lost
267,961,1,1739.81,Lost
268,483,1,7810.62,Lost
269,433,1,8069.56,Lost
270,553,1,3989.71,Lost
271,1032,1,1099.78,Lost
272,838,1,10360.15,Lost
273,362,1,3259.79,Lost
274,887,1,6068.49,Lost
275,471,1,12543.54,Lost
276,1041,1,7669.46,Lost
277,1056,1,4201.6,Lost
278,561,1,5609.77,Lost
279,386,1,10531.48,Lost
280,971,1,5518.56,Lost
281,906,1,6459.73,Lost
282,930,1,9959.4,Lost
283,718,1,1269.8,Lost
284,661,1,1067.85,Lost
285,383,1,659.92,Lost
286,451,1,1103.91,Lost
287,283,1,2633.51,Lost
288,1005,1,5439.4,Lost
289,406,1,19499.72,Lost
290,524,1,1649.58,Lost
291,699,1,1767.6,Lost
292,445,1,14946.52,Lost
293,300,1,6739.81,Lost
294,631,1,1369.73,Lost
295,683,1,12919.23,Lost
296,284,1,15249.4,Lost
297,705,1,3897.83,Lost
298,766,1,11439.36,Lost
299,898,1,2839.77,Lost
300,299,1,1279.78,Lost
301,633,1,4397.78,Lost
302,273,1,709.7,Lost
303,412,1,3458.58,Lost
304,817,1,539.91,Lost
305,494,1,1431.56,Lost
306,1030,1,7361.66,Lost
307,955,1,3269.78,Lost
308,292,1,8499.52,Lost
309,747,1,4831.48,Lost
310,339,1,14999.47,Lost
311,368,1,1371.64,Lost
312,332,1,6099.72,Lost
313,784,1,5697.36,Lost
314,833,1,7309.67,Lost
315,637,1,2376.77,Lost
316,1014,1,7439.57,Lost
317,1042,1,1659.82,Lost
318,431,1,1803.73,Lost
319,916,1,2499.76,Lost
320,390,1,12470.72,Lost
321,782,1,1248.78,Lost
322,377,1,12749.73,Lost
323,322,1,2999.89,Lost
324,1089,1,2387.71,Lost
325,503,1,999.94,Lost
326,490,1,3017.69,Lost
327,1019,1,6206.54,Lost
328,550,1,10489.56,Lost
329,619,1,9999.93,Lost
330,285,1,13139.43,Lost
331,860,1,2068.57,Lost
332,1004,1,6428.52,Lost
333,411,1,3199.5,Lost
334,476,1,14109.55,Lost
335,663,1,4365.86,Lost
336,1031,1,799.86,Lost
337,864,1,5587.4,Lost
338,994,1,4778.69,Lost
339,560,1,20199.55,Lost
340,640,1,10165.55,Lost
341,786,1,1499.78,Lost
342,581,1,299.89,Lost
343,694,1,1989.83,Lost
344,707,1,4914.38,Lost
345,586,1,11299.71,Lost
346,412,1,539.92,Lost
347,711,1,250.89,Lost
348,1066,1,4028.58,Lost
349,710,1,7275.87,Lost
350,928,1,12571.61,Lost
351,465,1,9114.66,Lost
352,587,1,7173.39,Lost
353,523,1,3547.52,Lost
354,533,1,7830.68,Lost
355,560,1,3199.85,Lost
356,523,1,10949.8,Lost
357,999,1,2225.67,Lost
358,605,1,3833.39,Lost
359,845,1,2139.82,Lost
360,912,1,6895.77,Lost
361,703,1,5653.52,Lost
362,830,1,4899.5,Lost
363,962,1,269.89,Lost
364,299,1,6359.71,Lost
365,768,1,1928.71,Lost
366,1006,1,7680.67,Lost
367,653,1,8189.09,Lost
368,855,1,939.78,Lost
369,440,1,1616.87,Lost
370,1010,1,569.81,Lost
371,1000,1,1799.89,Lost
372,622,1,7199.62,Lost
373,868,1,999.93,Lost
374,644,1,15937.56,Lost
375,404,1,13749.37,Lost
376,588,1,2248.88,Lost
377,801,1,809.82,Lost
378,920,1,499.92,Lost
379,486,1,7033.86,Lost
380,695,1,3359.05,Lost
381,1052,1,968.81,Lost
382,680,1,940.81,Lost
383,709,1,18799.41,Lost
384,592,1,8969.59,Lost
385,1046,1,2799.38,Lost
386,602,1,4442.52,Lost
387,398,1,1709.58,Lost
388,478,1,449.92,Lost
389,556,1,939.86,Lost
390,980,1,7999.91,Lost
391,666,1,299.89,Lost
392,272,1,1979.67,Lost
393,1043,1,2599.72,Lost
394,604,1,7749.8,Lost
395,283,1,4584.53,Lost
396,849,1,5199.63,Lost
397,1045,1,1578.58,Lost
398,843,1,1199.93,Lost
399,830,1,1469.7,Lost
400,550,1,5109.68,Lost
401,807,1,269.94,Lost
402,582,1,2699.56,Lost
403,1017,1,11499.79,Lost
404,556,1,649.58,Lost
405,283,1,1429.72,Lost
406,625,1,1199.93,Lost
407,517,1,9199.35,Lost
408,524,1,2675.4,Lost
409,1013,1,809.72,Lost
410,860,1,6369.29,Lost
411,924,1,10361.72,Lost
412,496,1,3119.93,Lost
413,935,1,5939.49,Lost
414,1039,1,1469.81,Lost
415,631,1,12399.48,Lost
416,848,1,1999.64,Lost
417,688,1,8661.28,Lost
418,366,1,659.89,Lost
419,537,1,1880.59,Lost
420,639,1,9899.35,Lost
421,813,1,10619.54,Lost
422,1029,1,968.78,Lost
423,764,1,749.79,Lost
424,902,1,1818.72,Lost
425,355,1,21789.6,Lost
426,407,1,6659.7,Lost
427,333,1,3499.89,Lost
428,622,1,6130.26,Lost
429,516,1,3548.78,Lost
430,652,1,2109.59,Lost
431,626,1,2339.47,Lost
432,648,1,4199.7,Lost
433,668,1,1703.85,Lost
434,840,1,3359.7,Lost
435,400,1,3919.4,Lost
436,544,1,2482.62,Lost
437,1073,1,4449.32,Lost
438,1010,1,1669.67,Lost
439,719,1,2999.92,Lost
440,342,1,6079.36,Lost
441,873,1,15059.6,Lost
442,1088,1,269.89,Lost
443,358,1,5126.45,Lost
444,369,1,10761.24,Lost
445,761,1,1999.78,Lost
446,609,1,419.88,Lost
447,851,1,5426.62,Lost
448,657,1,551.92,Lost
449,817,1,2018.84,Lost
450,1084,1,4397.56,Lost
451,860,1,448.8,Lost
452,310,1,419.88,Lost
453,498,1,9779.13,Lost
454,736,1,499.92,Lost
455,624,1,899.78,Lost
456,503,1,1863.66,Lost
457,556,1,419.88,Lost
458,404,1,1569.67,Lost
459,984,1,5389.55,Lost
460,505,1,5751.79,Lost
461,546,1,6537.63,Lost
462,417,1,13079.45,Lost
463,288,1,10869.58,Lost
464,347,1,21097.43,Lost
465,813,1,1469.82,Lost
466,736,1,2641.78,Lost
467,398,1,2619.54,Lost
468,819,1,1069.77,Lost
469,1025,1,4020.41,Lost
470,779,1,3555.77,Lost
471,1023,1,599.94,Lost
472,571,1,8209.61,Lost
473,610,1,12669.35,Lost
474,299,1,4198.6,Lost
475,863,1,1199.93,Lost
476,343,1,1499.91,Lost
477,614,1,1099.93,Lost
478,287,1,5189.74,Lost
479,646,1,9949.09,Lost
480,891,1,3467.35,Lost
481,815,1,7739.57,Lost
482,422,1,349.79,Lost
483,292,1,1898.8,Lost
484,1016,1,6828.73,Lost
485,535,1,1907.6,Lost
486,439,1,6468.57,Lost
487,752,1,1568.62,Lost
488,324,1,7693.71,Lost
489,955,1,3059.81,Lost
490,655,1,8349.35,Lost
491,320,1,7379.73,Lost
492,828,1,10807.58,Lost
493,498,1,626.81,Lost
494,469,1,1679.58,Lost
495,528,1,2889.28,Lost
496,655,1,10070.36,Lost
497,926,1,3180.83,Lost
498,1003,1,3459.77,Lost
499,698,1,11099.5,Lost
500,675,1,6572.62,Lost
501,955,1,749.94,Lost
502,345,1,2573.57,Lost
503,532,1,13939.86,Lost
504,1057,1,1288.75,Lost
505,275,1,7221.75,Lost
506,792,1,10246.4,Lost
507,596,1,3181.87,Lost
508,435,1,749.92,Lost
509,400,1,12655.69,Lost
510,938,1,2489.79,Lost
511,552,1,1479.66,Lost
512,724,1,3899.77,Lost
513,814,1,539.68,Lost
514,965,1,269.89,Lost
515,286,1,4155.68,Lost
516,1041,1,1799.66,Lost
517,465,1,10148.43,Lost
518,288,1,3199.93,Lost
519,580,1,3213.43,Lost
520,728,1,2899.94,Lost
521,1045,1,4697.66,Lost
522,854,1,1439.51,Lost
523,1091,1,1599.88,Lost
524,636,1,5850.51,Lost
525,562,1,19699.3,Lost
526,1053,1,5060.13,Lost
527,866,1,4567.77,Lost
528,888,1,939.88,Lost
529,1045,1,8327.63,Lost
530,694,1,6091.55,Lost
531,662,1,16123.72,Lost
532,724,1,659.78,Lost
533,379,1,3541.85,Lost
534,449,1,18129.7,Lost
535,1058,1,2199.57,Lost
536,863,1,8939.7,Lost
537,563,1,4629.6,Lost
538,750,1,7546.63,Lost
539,509,1,299.89,Lost
540,930,1,7939.61,Lost
541,1079,1,12769.42,Lost
542,853,1,2870.61,Lost
543,690,1,10899.77,Lost
544,420,1,10919.54,Lost
545,406,1,8981.67,Lost
546,922,1,2679.44,Lost
547,317,1,11789.7,Lost
548,446,1,2282.44,Lost
549,819,1,599.92,Lost
550,721,1,11899.68,Lost
551,877,1,718.74,Lost
552,1081,1,2879.56,Lost
553,818,1,2578.74,Lost
554,461,1,4913.44,Lost
555,821,1,5076.56,Lost
556,546,1,2037.74,Lost
557,1008,1,448.8,Lost
558,974,1,539.78,Lost
559,818,1,10901.53,Lost
560,739,1,3818.64,Lost
561,732,1,1059.88,Lost
562,690,1,2641.93,Lost
563,1057,1,1877.73,Lost
564,659,1,9039.67,Lost
565,897,1,5997.85,Lost
566,300,1,5319.6,Lost
567,361,1,5999.82,Lost
568,892,1,8099.13,Lost
569,794,1,8030.5,Lost
570,557,1,1673.82,Lost
571,414,1,7179.38,Lost
572,660,1,979.93,Lost
573,911,1,1367.74,Lost
574,994,1,6849.66,Lost
575,828,1,2420.75,Lost
576,858,1,11299.79,Lost
577,1021,1,6418.56,Lost
578,849,1,10189.38,Lost
579,933,1,6749.85,Lost
580,351,1,3199.92,Lost
581,758,1,8718.19,Lost
582,516,1,3433.71,Lost
583,1068,1,12447.46,Lost
584,879,1,2267.49,Lost
585,564,1,1199.78,Lost
586,802,1,428.9,Lost
587,1048,1,9529.59,Lost
588,520,1,1139.81,Lost
589,488,1,1680.89,Lost
590,534,1,1769.85,Lost
591,968,1,1797.81,Lost
592,653,1,469.89,Lost
593,430,1,219.93,Lost
594,349,1,11853.33,Lost
595,289,1,14419.46,Lost
596,498,1,1618.63,Lost
597,619,1,4509.39,Lost
598,471,1,10693.79,Lost
599,298,1,4043.63,Lost
600,969,1,4288.73,Lost
601,283,1,419.88,Lost
602,498,1,999.78,Lost
603,849,1,5637.59,Lost
604,366,1,949.71,Lost
605,587,1,6098.57,Lost
606,691,1,5319.66,Lost
607,641,1,19081.52,Lost
608,1062,1,539.91,Lost
609,584,1,12450.39,Lost
610,995,1,9167.77,Lost
611,559,1,5799.88,Lost
612,1050,1,4569.46,Lost
613,798,1,539.91,Lost
614,698,1,4919.36,Lost
615,955,1,5769.31,Lost
616,985,1,3888.28,Lost
617,459,1,1067.91,Lost
618,561,1,3799.01,Lost
619,642,1,4709.46,Lost
620,528,1,2289.71,Lost
621,535,1,1749.56,Lost
622,887,1,539.93,Lost
623,278,1,1319.93,Lost
624,749,1,4997.63,Lost
625,680,1,4199.52,Lost
626,709,1,7539.84,Lost
627,899,1,12981.36,Lost
628,576,1,3499.59,Lost
629,635,1,1970.49,Lost
630,1026,1,1369.8,Lost
631,569,1,7299.7,Lost
632,935,1,3248.36,Lost
633,1027,1,988.68,Lost
634,742,1,1568.5,Lost
635,968,1,1639.81,Lost
636,1075,1,2897.81,Lost
637,347,1,8789.45,Lost
638,920,1,1969.75,Lost
639,796,1,2698.61,Lost
640,971,1,6708.5,Lost
641,819,1,4318.67,Lost
642,887,1,857.9,Lost
643,987,1,6061.62,Lost
644,612,1,4409.44,Lost
645,534,1,4062.68,Lost
646,662,1,7481.48,Lost
647,439,1,1581.54,Lost
648,1037,1,3780.65,Lost
649,948,1,9009.78,Lost
650,558,1,2966.54,Lost
651,592,1,19022.52,Lost
652,452,1,1143.83,Lost
653,645,1,3359.8,Lost
654,740,1,718.84,Lost
655,500,1,718.82,Lost
656,576,1,1349.47,Lost
657,1075,1,4507.05,Lost
658,560,1,599.91,Lost
659,887,1,897.95,Lost
660,686,1,6709.59,Lost
661,603,1,9849.67,Lost
662,620,1,4689.22,Lost
663,467,1,16333.5,Lost
664,796,1,1590.58,Lost
665,417,1,7681.62,Lost
666,630,1,9719.31,Lost
667,831,1,3339.47,Lost
668,1041,1,2260.82,Lost
669,427,1,3137.65,Lost
670,894,1,4177.3,Lost
671,657,1,729.57,Lost
672,681,1,7564.61,Lost
673,720,1,4519.52,Lost
674,628,1,1619.67,Lost
675,493,1,8083.4,Lost
676,791,1,539.93,Lost
677,1027,1,269.89,Lost
678,734,1,1799.92,Lost
679,1013,1,3295.74,Lost
680,326,1,2259.66,Lost
681,707,1,15052.32,Lost
682,931,1,5999.78,Lost
683,749,1,1099.78,Lost
684,718,1,549.92,Lost
685,1017,1,428.9,Lost
686,815,1,4029.79,Lost
687,550,1,8638.53,Lost
688,755,1,3599.91,Lost
689,337,1,7299.78,Lost
690,656,1,13362.48,Lost
691,824,1,4786.55,Lost
692,280,1,14548.88,Lost
693,1007,1,469.79,Lost
694,669,1,3843.57,Lost
695,902,1,1059.93,Lost
696,1079,1,7548.71,Lost
697,819,1,809.72,Lost
698,667,1,1787.6,Lost
699,580,1,1519.81,Lost
700,650,1,13501.79,Lost
701,659,1,5499.76,Lost
702,419,1,7959.34,Lost
703,813,1,428.93,Lost
704,831,1,1079.81,Lost
705,904,1,4018.6,Lost
706,542,1,2829.44,Lost
707,765,1,1699.82,Lost
708,455,1,1999.93,Lost
709,813,1,3599.85,Lost
710,1010,1,1897.85,Lost
711,745,1,4847.55,Lost
712,809,1,3269.73,Lost
713,371,1,10126.35,Lost
714,1005,1,269.94,Lost
715,620,1,10880.58,Lost
716,961,1,3975.73,Lost
717,847,1,7099.74,Lost
718,579,1,209.79,Lost
719,752,1,1059.93,Lost
720,454,1,1491.82,Lost
721,805,1,599.79,Lost
722,559,1,3481.63,Lost
723,539,1,6639.32,Lost
724,796,1,6609.76,Lost
725,632,1,416.94,Lost
726,836,1,8129.48,Lost
727,974,1,9700.18,Lost
728,975,1,9047.45,Lost
729,716,1,999.79,Lost
730,428,1,4611.55,Lost
731,663,1,1739.93,Lost
732,910,1,9718.3,Lost
733,700,1,1199.78,Lost
734,396,1,14319.61,Lost
735,481,1,2763.77,Lost
736,564,1,4841.73,Lost
737,951,1,3079.47,Lost
738,277,1,10497.58,Lost
739,777,1,5161.8,Lost
740,1023,1,1858.46,Lost
741,698,1,1499.88,Lost
742,953,1,5441.45,Lost
743,968,1,1099.73,Lost
744,289,1,6559.51,Lost
745,704,1,1819.83,Lost
746,1064,1,428.9,Lost
747,483,1,14225.63,Lost
748,527,1,6889.54,Lost
749,474,1,6301.6,Lost
750,879,1,1437.66,Lost
751,540,1,6872.36,Lost
752,487,1,189.89,Lost
753,791,1,1099.91,Lost
754,283,1,7319.51,Lost
755,1019,1,10260.39,Lost
756,986,1,5096.56,Lost
757,459,1,3003.5,Lost
758,865,1,6799.81,Lost
759,788,1,2389.63,Lost
760,971,1,4797.65,Lost
761,358,1,3959.32,Lost
762,696,1,5969.81,Lost
763,1005,1,1639.82,Lost
764,929,1,3369.72,Lost
765,335,1,5730.59,Lost
766,1018,1,1099.88,Lost
767,1059,1,499.92,Lost
768,419,1,7239.65,Lost
769,576,1,1349.82,Lost
770,706,1,2479.72,Lost
771,442,1,3199.58,Lost
772,649,1,1399.69,Lost
773,791,1,5339.63,Lost
774,397,1,6969.52,Lost
775,615,1,1078.47,Lost
776,618,1,416.79,Lost
777,507,1,2629.71,Lost
778,386,1,9587.38,Lost
779,886,1,5497.65,Lost
780,916,1,12448.62,Lost
781,577,1,4539.81,Lost
782,502,1,7851.74,Lost
783,426,1,12371.32,Lost
784,601,1,1301.81,Lost
785,809,1,999.91,Lost
786,1019,1,599.89,Lost
787,457,1,8059.47,Lost
788,964,1,269.89,Lost
789,454,1,2490.5,Lost
790,699,1,3173.38,Lost
791,833,1,1299.73,Lost
792,754,1,1059.78,Lost
793,496,1,8587.29,Lost
794,650,1,10699.62,Lost
795,894,1,2888.46,Lost
796,810,1,2027.83,Lost
797,1051,1,2198.62,Lost
798,479,1,12155.52,Lost
799,527,1,3389.33,Lost
800,920,1,8809.71,Lost
801,938,1,4681.37,Lost
802,945,1,9897.79,Lost
803,423,1,14759.45,Lost
804,569,1,439.94,Lost
805,682,1,419.78,Lost
806,880,1,4799.59,Lost
807,426,1,4597.81,Lost
808,829,1,8599.74,Lost
809,699,1,16767.55,Lost
810,464,1,13553.26,Lost
811,634,1,2179.66,Lost
812,496,1,1319.91,Lost
813,1071,1,3779.5,Lost
814,734,1,1949.55,Lost
815,966,1,11387.52,Lost
816,273,1,1899.73,Lost
817,790,1,2607.6,Lost
818,326,1,2659.79,Lost
819,761,1,5767.43,Lost
820,286,1,3399.8,Lost
821,371,1,726.72,Lost
822,284,1,1469.94,Lost
823,749,1,3701.84,Lost
824,378,1,10679.84,Lost
825,863,1,2099.79,Lost
826,449,1,4017.62,Lost
827,813,1,469.79,Lost
828,490,1,3064.46,Lost
829,604,1,939.88,Lost
830,593,1,1099.88,Lost
831,805,1,4499.81,Lost
832,670,1,3789.61,Lost
833,762,1,6201.51,Lost
834,869,1,1939.48,Lost
835,790,1,1619.71,Lost
836,554,1,10179.54,Lost
837,523,1,7511.17,Lost
838,299,1,11198.57,Lost
839,300,1,4854.68,Lost
840,424,1,17857.59,Lost
841,659,1,1932.58,Lost
842,660,1,761.81,Lost
843,841,1,1458.75,Lost
844,606,1,11463.37,Lost
845,677,1,2149.77,Lost
846,367,1,809.77,Lost
847,720,1,899.91,Lost
848,891,1,5489.51,Lost
849,914,1,1248.51,Lost
850,689,1,109.94,Lost
851,940,1,1139.71,Lost
852,822,1,1099.88,Lost
853,823,1,8547.43,Lost
854,984,1,2099.84,Lost
855,731,1,2159.82,Lost
856,316,1,4199.73,Lost
857,589,1,449.92,Lost
858,705,1,2142.3,Lost
859,288,1,8418.43,Lost
860,338,1,501.88,Lost
861,1065,1,4599.83,Lost
862,361,1,7150.35,Lost
863,645,1,6318.54,Lost
864,677,1,4089.46,Lost
865,454,1,4272.66,Lost
866,323,1,7399.67,Lost
867,560,1,11399.81,Lost
868,606,1,1409.92,Lost
869,454,1,1091.87,Lost
870,677,1,9159.62,Lost
871,596,1,12742.45,Lost
872,1062,1,2739.63,Lost
873,1085,1,3527.65,Lost
874,824,1,1680.79,Lost
875,810,1,299.89,Lost
876,812,1,1659.63,Lost
877,584,1,8529.29,Lost
878,377,1,9649.33,Lost
879,929,1,1529.67,Lost
880,559,1,12605.47,Lost
881,578,1,1469.92,Lost
882,832,1,6697.84,Lost
883,616,1,16239.23,Lost
884,694,1,939.88,Lost
885,907,1,5049.31,Lost
886,426,1,10870.42,Lost
887,581,1,5151.59,Lost
888,453,1,12909.33,Lost
889,453,1,1039.8,Lost
890,625,1,4117.65,Lost
891,865,1,819.58,Lost
892,776,1,2899.94,Lost
893,393,1,10593.09,Lost
894,767,1,4877.52,Lost
895,516,1,7571.62,Lost
896,746,1,7409.59,Lost
897,676,1,679.88,Lost
898,499,1,3948.82,Lost
899,813,1,3599.88,Lost
900,450,1,4649.73,Lost
901,719,1,749.94,Lost
902,609,1,1343.61,Lost
903,413,1,6093.46,Lost
904,353,1,15839.41,Lost
905,352,1,12999.91,Lost
906,317,1,4999.93,Lost
907,878,1,3701.84,Lost
908,701,1,16699.6,Lost
909,569,1,2269.64,Lost
910,671,1,5351.3,Lost
911,497,1,1969.5,Lost
912,480,1,5499.89,Lost
913,776,1,1997.74,Lost
914,318,1,2069.48,Lost
915,535,1,1369.87,Lost
916,349,1,8703.53,Lost
917,846,1,5799.88,Lost
918,985,1,599.92,Lost
919,975,1,6499.51,Lost
920,316,1,9985.56,Lost
921,813,1,1409.78,Lost
922,702,1,7850.5,Lost
923,1079,1,6097.85,Lost
924,892,1,809.7,Lost
925,1021,1,499.94,Lost
926,1004,1,1028.79,Lost
927,800,1,1755.73,Lost
928,942,1,1499.71,Lost
929,1035,1,5670.43,Lost
930,480,1,1621.53,Lost
931,368,1,4783.44,Lost
932,806,1,2088.86,Lost
933,931,1,1888.65,Lost
934,453,1,8499.81,Lost
935,396,1,2183.58,Lost
936,469,1,2782.67,Lost
937,333,1,4659.69,Lost
938,296,1,2269.77,Lost
939,670,1,2513.39,Lost
940,624,1,2103.64,Lost
941,893,1,3310.53,Lost
942,769,1,1599.85,Lost
943,965,1,809.7,Lost
944,841,1,2148.83,Lost
945,470,1,5159.56,Lost
946,659,1,4405.73,Lost
947,382,1,1139.87,Lost
948,624,1,7229.61,Lost
949,711,1,1359.74,Lost
950,399,1,4179.79,Lost
951,989,1,3809.48,Lost
952,750,1,4920.76,Lost
953,662,1,2950.42,Lost
954,862,1,3599.71,Lost
955,355,1,4499.93,Lost
956,944,1,1218.61,Lost
957,571,1,983.72,Lost
958,690,1,6452.25,Lost
959,772,1,9529.68,Lost
960,440,1,8929.52,Lost
961,880,1,5890.55,Lost
962,677,1,1967.85,Lost
963,882,1,6968.57,Lost
964,822,1,539.91,Lost
965,1059,1,5739.37,Lost
966,577,1,5471.7,Lost
967,385,1,2452.75,Lost
968,656,1,1499.92,Lost
969,677,1,489.79,Lost
970,353,1,4999.89,Lost
971,587,1,16859.48,Lost
972,287,1,7179.59,Lost
973,732,1,5170.57,Lost
974,608,1,1303.82,Lost
975,718,1,4809.43,Lost
976,696,1,17996.52,Lost
977,808,1,3567.67,Lost
978,465,1,1182.78,Lost
979,1066,1,3418.47,Lost
980,392,1,1573.77,Lost
981,867,1,1099.91,Lost
982,288,1,3279.64,Lost
983,329,1,10910.3,Lost
984,816,1,6968.39,Lost
985,715,1,8731.28,Lost
986,800,1,5060.5,Lost
987,314,1,3359.37,Lost
988,826,1,2639.72,Lost
989,765,1,5829.42,Lost
990,752,1,8891.5,Lost
991,1030,1,8937.43,Lost
992,645,1,1199.86,Lost
993,630,1,419.88,Lost
994,872,1,3720.7,Lost
995,866,1,5407.42,Lost
996,1054,1,549.89,Lost
997,827,1,12080.65,Lost
998,414,1,6209.45,Lost
999,296,1,6957.78,Lost
1000,626,1,2381.47,Lost
1001,851,1,4131.76,Lost
1002,428,1,1333.75,Lost
1003,496,1,3941.81,Lost
1004,878,1,299.92,Lost
1005,304,1,20679.55,Lost
1006,463,1,7396.52,Lost
1007,330,1,19419.7,Lost
1008,341,1,939.88,Lost
1009,482,1,349.89,Lost
1010,343,1,11279.48,Lost
1011,877,1,1139.8,Lost
1012,1063,1,7762.47,Lost
1013,333,1,1389.7,Lost
1014,392,1,5999.93,Lost
1015,649,1,7349.8,Lost
1016,346,1,2059.67,Lost
1017,424,1,1449.85,Lost
1018,653,1,12833.59,Lost
1019,896,1,12860.55,Lost
1020,584,1,15355.36,Lost
1021,369,1,6456.57,Lost
1022,441,1,489.89,Lost
1023,476,1,22999.42,Lost
1024,599,1,7720.53,Lost
1025,563,1,1159.58,Lost
1026,360,1,8819.46,Lost
1027,368,1,2365.74,Lost
1028,827,1,4399.51,Lost
1029,283,1,3019.69,Lost
1030,885,1,3449.68,Lost
1031,450,1,9653.3,Lost
1032,749,1,3449.81,Lost
1033,389,1,3223.61,Lost
1034,994,1,10638.6,Lost
1035,1077,1,1329.72,Lost
1036,478,1,875.79,Lost
1037,348,1,20997.29,Lost
1038,593,1,2139.66,Lost
1039,840,1,2911.57,Lost
1040,730,1,7379.29,Lost
1041,419,1,6809.5,Lost
1042,875,1,5977.62,Lost
1043,302,1,7973.71,Lost
1044,289,1,1119.91,Lost
1045,933,1,2327.72,Lost
1046,602,1,2543.43,Lost
1047,1061,1,2069.66,Lost
1048,811,1,7599.64,Lost
1049,1014,1,3241.85,Lost
1050,464,1,533.89,Lost
1051,710,1,10999.66,Lost
1052,316,1,9119.34,Lost
1053,306,1,1349.82,Lost
1054,867,1,4369.59,Lost
1055,826,1,2999.94,Lost
1056,795,1,4991.52,Lost
1057,641,1,6309.55,Lost
1058,768,1,3429.58,Lost
1059,621,1,3519.57,Lost
1060,391,1,8432.81,Lost
1061,826,1,1157.85,Lost
1062,837,1,5468.37,Lost
1063,463,1,14933.58,Lost
1064,530,1,1139.83,Lost
1065,441,1,501.91,Lost
1066,350,1,4719.5,Lost
1067,453,1,4631.59,Lost
1068,579,1,3609.53,Lost
1069,1041,1,9148.7,Lost
1070,531,1,13806.5,Lost
1071,848,1,3806.43,Lost
1072,665,1,4635.51,Lost
1073,743,1,1199.91,Lost
1074,971,1,1139.84,Lost
1075,1055,1,2897.72,Lost
1076,462,1,1799.89,Lost
1077,513,1,897.8,Lost
1078,1025,1,5611.28,Lost
1079,991,1,899.71,Lost
1080,859,1,3868.52,Lost
1081,692,1,9241.38,Lost
1082,945,1,3999.79,Lost
1083,360,1,4259.5,Lost
1084,340,1,9197.65,Lost
1085,833,1,6148.82,Lost
1086,496,1,13722.34,Lost
1087,460,1,2633.46,Lost
1088,377,1,4607.45,Lost
1089,820,1,7559.58,Lost
1090,439,1,13679.68,Lost
1091,428,1,5320.3,Lost
1092,551,1,941.78,Lost
1093,721,1,3803.46,Lost
1094,1035,1,899.83,Lost
1095,1066,1,448.95,Lost
1096,793,1,4599.63,Lost
1097,693,1,4635.42,Lost
1098,405,1,1111.58,Lost
1099,403,1,1099.81,Lost
1100,477,1,20399.48,Lost
1101,281,1,4489.43,Lost
1102,969,1,4355.55,Lost
1103,746,1,14349.55,Lost
1104,661,1,2539.82,Lost
1105,640,1,3012.7,Lost
1106,496,1,1751.88,Lost
1107,418,1,2039.79,Lost
1108,780,1,3219.4,Lost
1109,446,1,1861.59,Lost
1110,883,1,1329.82,Lost
1111,444,1,189.89,Lost
1112,886,1,6199.65,Lost
1113,668,1,4829.22,Lost
1114,437,1,2239.57,Lost
1115,530,1,4140.28,Lost
1116,295,1,1319.78,Lost
1117,401,1,2050.78,Lost
1118,335,1,9296.55,Lost
1119,733,1,7048.63,Lost
1120,440,1,7949.48,Lost
1121,750,1,2657.72,Lost
1122,357,1,7369.55,Lost
1123,550,1,2799.64,Lost
1124,1007,1,3599.93,Lost
1125,708,1,8149.4,Lost
1126,323,1,7429.63,Lost
1127,981,1,3369.78,Lost
1128,487,1,2859.62,Lost
1129,713,1,4941.6,Lost
1130,910,1,539.91,Lost
1131,282,1,15549.62,Lost
1132,472,1,17309.4,Lost
1133,622,1,4499.8,Lost
1134,508,1,6230.59,Lost
1135,276,1,6779.56,Lost
1136,404,1,12227.6,Lost
1137,688,1,7577.65,Lost
1138,676,1,11509.64,Lost
1139,617,1,1209.73,Lost
1140,965,1,3048.84,Lost
1141,894,1,4539.6,Lost
1142,292,1,249.92,Lost
1143,662,1,1347.84,Lost
1144,786,1,6839.73,Lost
1145,544,1,3500.52,Lost
1146,828,1,539.93,Lost
1147,993,1,5471.49,Lost
1148,638,1,9609.18,Lost
1149,1077,1,6669.6,Lost
1150,442,1,7739.56,Lost
1151,848,1,7599.7,Lost
1152,659,1,7146.22,Lost
1153,717,1,4919.62,Lost
1154,287,1,4007.69,Lost
1155,426,1,1649.87,Lost
1156,861,1,3961.87,Lost
1157,735,1,857.93,Lost
1158,549,1,7539.44,Lost
1159,741,1,7447.75,Lost
1160,493,1,3625.48,Lost
1161,343,1,9239.7,Lost
1162,685,1,7579.76,Lost
1163,733,1,4990.51,Lost
1164,636,1,5599.67,Lost
1165,1033,1,10139.2,Lost
1166,410,1,269.89,Lost
1167,953,1,3361.91,Lost
1168,945,1,999.79,Lost
1169,776,1,5621.42,Lost
1170,413,1,1273.87,Lost
1171,312,1,15889.57,Lost
1172,305,1,7127.29,Lost
1173,1058,1,2329.5,Lost
1174,1042,1,6248.86,Lost
1175,1081,1,4620.48,Lost
1176,298,1,559.93,Lost
1177,610,1,4039.7,Lost
1178,466,1,4223.84,Lost
1179,960,1,2319.74,Lost
1180,418,1,1859.85,Lost
1181,632,1,2696.43,Lost
1182,1046,1,2315.51,Lost
1183,456,1,2853.67,Lost
1184,559,1,3745.21,Lost
1185,1055,1,3239.32,Lost
1186,330,1,1320.92,Lost
1187,318,1,2179.71,Lost
1188,406,1,3937.62,Lost
1189,876,1,3769.81,Lost
1190,550,1,5509.39,Lost
1191,429,1,3639.85,Lost
1192,1012,1,9999.71,Lost
1193,886,1,2239.69,Lost
1194,1034,1,2008.39,Lost
1195,594,1,12659.82,Lost
1196,688,1,4999.89,Lost
1197,414,1,3182.49,Lost
1198,821,1,1939.76,Lost
1199,719,1,16509.61,Lost
1200,992,1,6547.56,Lost
1201,663,1,11284.28,Lost
1202,847,1,4978.71,Lost
1203,636,1,4333.28,Lost
1204,1089,1,1469.85,Lost
1205,906,1,12110.44,Lost
1206,599,1,7471.27,Lost
1207,421,1,551.94,Lost
1208,748,1,3669.43,Lost
1209,754,1,5148.59,Lost
1210,500,1,3082.45,Lost
1211,752,1,3699.74,Lost
1212,1092,1,1799.85,Lost
1213,470,1,6359.6,Lost
1214,347,1,22299.68,Lost
1215,626,1,6269.53,Lost
1216,378,1,3231.54,Lost
1217,838,1,2447.31,Lost
1218,959,1,3361.91,Lost
1219,754,1,4076.45,Lost
1220,1065,1,6609.63,Lost
1221,453,1,1099.88,Lost
1222,637,1,1667.56,Lost
1223,1044,1,4361.66,Lost
1224,571,1,26913.53,Lost
1225,511,1,11439.43,Lost
1226,428,1,2273.28,Lost
1227,923,1,8428.64,Lost
1228,784,1,539.93,Lost
1229,515,1,3003.46,Lost
1230,610,1,7629.64,Lost
1231,297,1,2596.25,Lost
1232,752,1,2037.75,Lost
1233,691,1,5508.42,Lost
1234,1064,1,2269.53,Lost
1235,509,1,5999.8,Lost
1236,397,1,10270.46,Lost
1237,1032,1,14761.25,Lost
1238,1073,1,9361.71,Lost
1239,293,1,639.86,Lost
1240,308,1,6629.6,Lost
1241,1058,1,1199.91,Lost
1242,691,1,5249.72,Lost
1243,892,1,1739.79,Lost
1244,455,1,6249.64,Lost
1245,907,1,8461.46,Lost
1246,683,1,4481.64,Lost
1247,974,1,6717.59,Lost
1248,774,1,7548.78,Lost
1249,713,1,8411.39,Lost
1250,1078,1,2247.77,Lost
1251,634,1,2727.36,Lost
1252,885,1,3348.89,Lost
1253,1053,1,1599.63,Lost
1254,322,1,6019.49,Lost
1255,1027,1,1009.8,Lost
1256,329,1,1709.66,Lost
1257,953,1,6781.47,Lost
1258,350,1,14801.55,Lost
1259,1072,1,5699.7,Lost
1260,491,1,6298.73,Lost
1261,820,1,10046.67,Lost
1262,453,1,4469.68,Lost
1263,895,1,4680.68,Lost
1264,1010,1,2899.3,Lost
1265,846,1,3860.42,Lost
1266,551,1,2699.8,Lost
1267,939,1,3361.91,Lost
1268,396,1,6199.62,Lost
1269,474,1,4512.47,Lost
1270,508,1,699.88,Lost
1271,687,1,3159.61,Lost
1272,761,1,2999.89,Lost
1273,519,1,6076.14,Lost
1274,860,1,9469.63,Lost
1275,765,1,2869.89,Lost
1276,558,1,6799.68,Lost
1277,429,1,759.91,Lost
1278,586,1,2459.55,Lost
1279,279,1,10432.44,Lost
1280,1075,1,5839.43,Lost
1281,515,1,3149.86,Lost
1282,776,1,2946.07,Lost
1283,516,1,349.79,Lost
1284,384,1,11999.82,Lost
1285,865,1,3097.93,Lost
1286,1002,1,549.89,Lost
1287,549,1,3670.25,Lost
1288,979,1,1199.78,Lost
1289,432,1,533.94,Lost
1290,423,1,9089.54,Lost
1291,661,1,7051.7,Lost
1292,385,1,1209.83,Lost
1293,591,1,1371.85,Lost
1294,368,1,1486.5,Lost
1295,851,1,6099.48,Lost
1296,1068,1,4269.38,Lost
1297,861,1,539.91,Lost
1298,653,1,4699.53,Lost
1299,879,1,1997.81,Lost
1300,873,1,9639.54,Lost
1301,921,1,5129.55,Lost
1302,723,1,7551.66,Lost
1303,325,1,5889.32,Lost
1304,523,1,3231.57,Lost
1305,1058,1,1767.6,Lost
1306,754,1,3961.66,Lost
1307,877,1,8039.51,Lost
1308,516,1,2899.56,Lost
1309,1037,1,1799.89,Lost
1310,275,1,6999.7,Lost
1311,488,1,4294.49,Lost
1312,681,1,11209.72,Lost
1313,863,1,5548.82,Lost
1314,936,1,7767.48,Lost
1315,793,1,8488.72,Lost
1316,574,1,7349.7,Lost
1317,486,1,349.92,Lost
1318,751,1,1139.82,Lost
1319,633,1,5529.73,Lost
1320,591,1,679.78,Lost
1321,1070,1,6320.64,Lost
1322,932,1,5499.64,Lost
1323,555,1,2592.4,Lost
1324,1090,1,4126.8,Lost
1325,996,1,998.69,Lost
1326,1088,1,3539.6,Lost
1327,495,1,1999.78,Lost
1328,1036,1,5086.47,Lost
1329,410,1,4445.63,Lost
1330,332,1,6239.84,Lost
1331,809,1,2368.74,Lost
1332,622,1,13029.74,Lost
1333,883,1,9120.58,Lost
1334,790,1,6048.41,Lost
1335,850,1,2860.77,Lost
1336,662,1,299.89,Lost
1337,891,1,849.81,Lost
1338,960,1,1920.73,Lost
1339,447,1,1777.7,Lost
1340,925,1,269.89,Lost
1341,924,1,8948.77,Lost
1342,428,1,559.86,Lost
1343,652,1,1999.55,Lost
1344,459,1,3659.72,Lost
1345,530,1,1466.6,Lost
1346,618,1,3701.74,Lost
1347,465,1,7179.82,Lost
1348,1073,1,12377.54,Lost
1349,825,1,10278.53,Lost
1350,946,1,6779.33,Lost
1351,947,1,2879.43,Lost
1352,688,1,3481.73,Lost
1353,788,1,4006.57,Lost
1354,1012,1,4789.61,Lost
1355,863,1,2069.86,Lost
1356,918,1,1699.57,Lost
1357,880,1,599.93,Lost
1358,960,1,3979.51,Lost
1359,804,1,6897.74,Lost
1360,952,1,8610.65,Lost
1361,990,1,1437.68,Lost
1362,860,1,4999.5,Lost
1363,650,1,2218.63,Lost
1364,395,1,1099.89,Lost
1365,1017,1,5999.93,Lost
1366,974,1,1099.88,Lost
1367,407,1,2199.64,Lost
1368,957,1,10990.48,Lost
1369,1024,1,718.69,Lost
1370,520,1,7999.91,Lost
1371,831,1,1920.73,Lost
1372,495,1,7763.37,Lost
1373,964,1,6748.38,Lost
1374,797,1,9263.33,Lost
1375,905,1,3497.49,Lost
1376,942,1,4898.46,Lost
1377,846,1,1089.73,Lost
1378,804,1,5101.72,Lost
1379,459,1,3029.65,Lost
1380,849,1,2899.79,Lost
1381,805,1,2599.81,Lost
1382,489,1,17988.31,Lost
1383,315,1,1583.72,Lost
1384,371,1,3033.47,Lost
1385,657,1,2277.54,Lost
1386,1050,1,1947.75,Lost
1387,877,1,1499.78,Lost
1388,397,1,3199.79,Lost
1389,532,1,1665.88,Lost
1390,558,1,5675.63,Lost
1391,710,1,18259.69,Lost
1392,487,1,6549.82,Lost
1393,350,1,1769.88,Lost
1394,484,1,3269.57,Lost
1395,623,1,5722.63,Lost
1396,594,1,6299.88,Lost
1397,843,1,5378.43,Lost
1398,735,1,8497.53,Lost
1399,678,1,2503.73,Lost
1400,899,1,3499.73,Lost
1401,383,1,2359.72,Lost
1402,613,1,999.79,Lost
1403,555,1,13287.67,Lost
1404,732,1,3258.64,Lost
1405,770,1,1799.82,Lost
1406,790,1,8389.66,Lost
1407,565,1,2154.67,Lost
1408,400,1,5267.63,Lost
1409,377,1,2280.61,Lost
1410,608,1,1993.53,Lost
1411,283,1,6120.28,Lost
1412,437,1,1299.87,Lost
1413,1052,1,3409.62,Lost
1414,460,1,189.92,Lost
1415,537,1,11169.41,Lost
1416,606,1,3499.92,Lost
1417,527,1,599.91,Lost
1418,532,1,4642.5,Lost
1419,285,1,5499.79,Lost
1420,962,1,1548.81,Lost
1421,450,1,19399.38,Lost
1422,441,1,7832.77,Lost
1423,550,1,11886.65,Lost
1424,482,1,8239.57,Lost
1425,907,1,5799.78,Lost
1426,554,1,7263.47,Lost
1427,491,1,439.79,Lost
1428,892,1,749.89,Lost
1429,785,1,2248.69,Lost
1430,766,1,4320.71,Lost
1431,1025,1,1839.74,Lost
1432,557,1,2899.92,Lost
1433,346,1,4901.27,Lost
1434,1066,1,1639.81,Lost
1435,950,1,9069.45,Lost
1436,621,1,10155.3,Lost
1437,852,1,3999.94,Lost
1438,573,1,14379.36,Lost
1439,505,1,10749.31,Lost
1440,821,1,11218.3,Lost
1441,336,1,10497.61,Lost
1442,516,1,7841.32,Lost
1443,773,1,11237.59,Lost
1444,738,1,1749.57,Lost
1445,296,1,9999.78,Lost
