order_id,customer_id,order_status,order_date,required_date,shipped_date,store_id,staff_id
1,259,Completed,01-01-2016,03-01-2016,03-01-2016,1,2
2,1212,Completed,01-01-2016,04-01-2016,03-01-2016,2,6
3,523,Completed,02-01-2016,05-01-2016,03-01-2016,2,7
4,175,Completed,03-01-2016,04-01-2016,05-01-2016,1,3
5,1324,Completed,03-01-2016,06-01-2016,06-01-2016,2,6
6,94,Completed,04-01-2016,07-01-2016,05-01-2016,2,6
7,324,Completed,04-01-2016,07-01-2016,05-01-2016,2,6
8,1204,Completed,04-01-2016,05-01-2016,05-01-2016,2,7
9,60,Completed,05-01-2016,08-01-2016,08-01-2016,1,2
10,442,Completed,05-01-2016,06-01-2016,06-01-2016,2,6
11,1326,Completed,05-01-2016,08-01-2016,07-01-2016,2,7
12,91,Completed,06-01-2016,08-01-2016,09-01-2016,1,2
13,873,Completed,08-01-2016,11-01-2016,11-01-2016,2,6
14,258,Completed,09-01-2016,11-01-2016,12-01-2016,1,3
15,450,Completed,09-01-2016,10-01-2016,12-01-2016,2,7
16,552,Completed,12-01-2016,15-01-2016,15-01-2016,1,3
17,1175,Completed,12-01-2016,14-01-2016,14-01-2016,1,3
18,541,Completed,14-01-2016,17-01-2016,15-01-2016,1,3
19,696,Completed,14-01-2016,17-01-2016,16-01-2016,1,2
20,923,Completed,14-01-2016,16-01-2016,17-01-2016,1,2
21,1250,Completed,15-01-2016,16-01-2016,18-01-2016,2,6
22,1035,Completed,16-01-2016,18-01-2016,17-01-2016,1,2
23,1149,Completed,16-01-2016,19-01-2016,19-01-2016,1,2
24,636,Completed,18-01-2016,20-01-2016,19-01-2016,2,7
25,657,Completed,18-01-2016,21-01-2016,21-01-2016,2,6
26,1280,Completed,18-01-2016,21-01-2016,19-01-2016,2,7
27,57,Completed,19-01-2016,21-01-2016,20-01-2016,2,7
28,252,Completed,19-01-2016,20-01-2016,21-01-2016,2,6
29,437,Completed,20-01-2016,22-01-2016,21-01-2016,2,6
30,1348,Completed,20-01-2016,21-01-2016,21-01-2016,2,6
31,1238,Completed,20-01-2016,22-01-2016,22-01-2016,3,8
32,1259,Completed,21-01-2016,24-01-2016,22-01-2016,1,3
33,236,Completed,21-01-2016,22-01-2016,22-01-2016,2,6
34,80,Completed,22-01-2016,25-01-2016,23-01-2016,2,6
35,813,Completed,22-01-2016,25-01-2016,24-01-2016,2,7
36,1321,Completed,23-01-2016,24-01-2016,24-01-2016,2,6
37,164,Completed,25-01-2016,28-01-2016,26-01-2016,2,6
38,583,Completed,25-01-2016,27-01-2016,26-01-2016,2,7
39,1296,Completed,25-01-2016,26-01-2016,26-01-2016,2,7
40,348,Completed,27-01-2016,28-01-2016,29-01-2016,1,3
41,979,Completed,27-01-2016,30-01-2016,29-01-2016,2,6
42,1095,Completed,27-01-2016,28-01-2016,30-01-2016,2,7
43,1434,Completed,27-01-2016,28-01-2016,30-01-2016,2,7
44,861,Completed,28-01-2016,31-01-2016,30-01-2016,2,7
45,1220,Completed,28-01-2016,31-01-2016,31-01-2016,2,7
46,746,Completed,29-01-2016,31-01-2016,31-01-2016,2,7
47,1234,Completed,29-01-2016,30-01-2016,31-01-2016,2,7
48,1012,Completed,30-01-2016,01-02-2016,02-02-2016,2,7
49,608,Completed,31-01-2016,01-02-2016,02-02-2016,2,6
50,872,Completed,31-01-2016,03-02-2016,02-02-2016,3,8
51,1047,Completed,01-02-2016,02-02-2016,03-02-2016,2,7
52,767,Completed,03-02-2016,04-02-2016,05-02-2016,1,2
53,965,Completed,03-02-2016,04-02-2016,05-02-2016,2,6
54,535,Completed,04-02-2016,07-02-2016,07-02-2016,2,7
55,1173,Completed,04-02-2016,07-02-2016,06-02-2016,2,6
56,1241,Completed,04-02-2016,06-02-2016,07-02-2016,2,6
57,1305,Completed,04-02-2016,06-02-2016,06-02-2016,2,7
58,504,Completed,05-02-2016,07-02-2016,07-02-2016,2,6
59,563,Completed,05-02-2016,07-02-2016,06-02-2016,2,7
60,151,Completed,06-02-2016,08-02-2016,07-02-2016,1,3
61,277,Completed,06-02-2016,09-02-2016,09-02-2016,2,7
62,208,Completed,07-02-2016,10-02-2016,10-02-2016,1,2
63,1075,Completed,07-02-2016,09-02-2016,09-02-2016,2,7
64,1185,Completed,07-02-2016,08-02-2016,09-02-2016,2,6
65,996,Completed,08-02-2016,09-02-2016,11-02-2016,2,6
66,1253,Completed,09-02-2016,12-02-2016,12-02-2016,2,7
67,526,Completed,09-02-2016,11-02-2016,10-02-2016,3,8
68,381,Completed,10-02-2016,11-02-2016,13-02-2016,2,6
69,1413,Completed,10-02-2016,12-02-2016,11-02-2016,2,7
70,50,Rejected,11-02-2016,11-02-2016,Pending,3,9
71,797,Completed,11-02-2016,14-02-2016,12-02-2016,2,7
72,1386,Completed,12-02-2016,15-02-2016,13-02-2016,1,2
73,612,Completed,12-02-2016,15-02-2016,14-02-2016,2,7
74,264,Completed,13-02-2016,15-02-2016,15-02-2016,2,7
75,587,Completed,14-02-2016,15-02-2016,17-02-2016,2,6
76,9,Rejected,16-02-2016,16-02-2016,Pending,2,6
77,385,Completed,16-02-2016,19-02-2016,19-02-2016,1,2
78,1182,Completed,16-02-2016,18-02-2016,19-02-2016,2,7
79,529,Completed,17-02-2016,20-02-2016,20-02-2016,1,3
80,397,Completed,17-02-2016,20-02-2016,19-02-2016,2,6
81,521,Completed,17-02-2016,19-02-2016,18-02-2016,2,6
82,1223,Completed,18-02-2016,21-02-2016,20-02-2016,2,6
83,393,Completed,19-02-2016,20-02-2016,20-02-2016,1,3
84,317,Completed,20-02-2016,22-02-2016,21-02-2016,2,7
85,1174,Completed,20-02-2016,23-02-2016,21-02-2016,2,7
86,276,Completed,21-02-2016,22-02-2016,23-02-2016,2,7
87,516,Completed,21-02-2016,22-02-2016,23-02-2016,2,6
88,1069,Completed,21-02-2016,22-02-2016,23-02-2016,2,6
89,668,Completed,21-02-2016,24-02-2016,24-02-2016,3,8
90,414,Completed,23-02-2016,25-02-2016,24-02-2016,2,7
91,648,Completed,25-02-2016,27-02-2016,28-02-2016,1,2
92,1309,Completed,25-02-2016,28-02-2016,28-02-2016,2,7
93,1328,Completed,26-02-2016,28-02-2016,27-02-2016,1,3
94,929,Completed,27-02-2016,28-02-2016,29-02-2016,1,2
95,218,Completed,27-02-2016,29-02-2016,28-02-2016,2,7
96,1094,Completed,27-02-2016,29-02-2016,28-02-2016,2,7
97,204,Completed,28-02-2016,29-02-2016,01-03-2016,2,7
98,1194,Completed,28-02-2016,29-02-2016,29-02-2016,2,6
99,1165,Completed,29-02-2016,01-03-2016,03-03-2016,3,9
100,1237,Completed,01-03-2016,04-03-2016,03-03-2016,2,7
101,271,Completed,01-03-2016,04-03-2016,04-03-2016,3,8
102,336,Completed,02-03-2016,05-03-2016,03-03-2016,2,7
103,991,Completed,03-03-2016,06-03-2016,05-03-2016,1,2
104,7,Completed,03-03-2016,05-03-2016,05-03-2016,2,7
105,306,Completed,03-03-2016,05-03-2016,04-03-2016,2,7
106,422,Completed,04-03-2016,05-03-2016,05-03-2016,3,9
107,633,Completed,06-03-2016,09-03-2016,09-03-2016,1,2
108,12,Completed,06-03-2016,09-03-2016,07-03-2016,2,6
109,1255,Completed,06-03-2016,09-03-2016,09-03-2016,2,6
110,677,Completed,06-03-2016,08-03-2016,09-03-2016,3,9
111,630,Completed,07-03-2016,10-03-2016,10-03-2016,2,6
112,469,Completed,08-03-2016,11-03-2016,10-03-2016,2,6
113,1078,Completed,08-03-2016,11-03-2016,11-03-2016,2,6
114,1431,Completed,08-03-2016,10-03-2016,11-03-2016,2,7
115,1369,Completed,09-03-2016,11-03-2016,11-03-2016,2,7
116,471,Completed,10-03-2016,11-03-2016,11-03-2016,2,7
117,740,Completed,10-03-2016,13-03-2016,11-03-2016,2,6
118,577,Completed,12-03-2016,14-03-2016,13-03-2016,1,2
119,925,Completed,12-03-2016,14-03-2016,14-03-2016,2,7
120,327,Completed,14-03-2016,15-03-2016,17-03-2016,2,7
121,755,Completed,14-03-2016,15-03-2016,16-03-2016,2,6
122,786,Completed,14-03-2016,16-03-2016,15-03-2016,2,6
123,766,Completed,15-03-2016,18-03-2016,17-03-2016,2,6
124,403,Completed,16-03-2016,18-03-2016,17-03-2016,1,3
125,685,Completed,16-03-2016,19-03-2016,17-03-2016,2,6
126,1365,Completed,16-03-2016,18-03-2016,18-03-2016,2,7
127,484,Completed,17-03-2016,18-03-2016,19-03-2016,3,8
128,86,Completed,18-03-2016,20-03-2016,21-03-2016,2,6
129,84,Completed,19-03-2016,21-03-2016,21-03-2016,2,7
130,1049,Completed,19-03-2016,22-03-2016,20-03-2016,2,6
131,316,Completed,19-03-2016,22-03-2016,20-03-2016,3,8
132,46,Completed,20-03-2016,22-03-2016,23-03-2016,1,3
133,409,Completed,20-03-2016,22-03-2016,21-03-2016,2,7
134,679,Completed,20-03-2016,21-03-2016,21-03-2016,2,7
135,1354,Completed,21-03-2016,23-03-2016,23-03-2016,2,7
136,1192,Completed,21-03-2016,24-03-2016,23-03-2016,3,8
137,370,Completed,23-03-2016,26-03-2016,25-03-2016,2,7
138,438,Completed,23-03-2016,24-03-2016,25-03-2016,2,7
139,710,Completed,23-03-2016,24-03-2016,26-03-2016,2,7
140,1264,Completed,23-03-2016,26-03-2016,26-03-2016,2,7
141,557,Completed,25-03-2016,27-03-2016,26-03-2016,2,7
142,170,Completed,26-03-2016,27-03-2016,27-03-2016,1,3
143,693,Completed,26-03-2016,28-03-2016,28-03-2016,2,7
144,1124,Completed,26-03-2016,29-03-2016,29-03-2016,2,7
145,366,Completed,27-03-2016,29-03-2016,30-03-2016,2,6
146,288,Completed,28-03-2016,30-03-2016,30-03-2016,1,3
147,55,Completed,28-03-2016,31-03-2016,31-03-2016,2,7
148,714,Completed,28-03-2016,30-03-2016,30-03-2016,2,6
149,763,Completed,28-03-2016,30-03-2016,29-03-2016,2,6
150,332,Completed,29-03-2016,31-03-2016,01-04-2016,1,2
151,926,Completed,29-03-2016,01-04-2016,31-03-2016,1,2
152,76,Completed,29-03-2016,30-03-2016,30-03-2016,2,6
153,498,Completed,30-03-2016,02-04-2016,01-04-2016,2,6
154,1286,Completed,31-03-2016,01-04-2016,01-04-2016,1,2
155,371,Completed,02-04-2016,03-04-2016,04-04-2016,2,6
156,357,Completed,03-04-2016,06-04-2016,05-04-2016,1,3
157,43,Completed,03-04-2016,06-04-2016,06-04-2016,3,8
158,117,Rejected,04-04-2016,04-04-2016,Pending,3,9
159,32,Completed,04-04-2016,06-04-2016,06-04-2016,1,2
160,205,Completed,04-04-2016,06-04-2016,06-04-2016,2,7
161,251,Completed,04-04-2016,07-04-2016,05-04-2016,2,7
162,31,Completed,06-04-2016,08-04-2016,07-04-2016,1,3
163,1325,Completed,06-04-2016,07-04-2016,07-04-2016,2,7
164,610,Completed,07-04-2016,08-04-2016,09-04-2016,2,7
165,574,Completed,08-04-2016,10-04-2016,10-04-2016,1,3
166,338,Completed,08-04-2016,11-04-2016,11-04-2016,2,6
167,1034,Completed,08-04-2016,09-04-2016,11-04-2016,2,7
168,1147,Completed,09-04-2016,12-04-2016,11-04-2016,1,3
169,99,Completed,10-04-2016,11-04-2016,11-04-2016,2,7
170,1200,Completed,10-04-2016,11-04-2016,13-04-2016,2,7
171,237,Completed,11-04-2016,14-04-2016,14-04-2016,1,3
172,1079,Completed,11-04-2016,12-04-2016,14-04-2016,2,7
173,117,Completed,11-04-2016,14-04-2016,13-04-2016,3,8
174,1361,Completed,12-04-2016,13-04-2016,15-04-2016,2,7
175,951,Completed,13-04-2016,14-04-2016,14-04-2016,2,6
176,643,Completed,15-04-2016,16-04-2016,17-04-2016,2,7
177,121,Completed,16-04-2016,19-04-2016,19-04-2016,1,2
178,756,Completed,16-04-2016,17-04-2016,18-04-2016,2,6
179,616,Completed,17-04-2016,19-04-2016,19-04-2016,2,6
180,918,Completed,17-04-2016,20-04-2016,19-04-2016,2,7
181,459,Completed,18-04-2016,20-04-2016,20-04-2016,1,3
182,854,Completed,18-04-2016,19-04-2016,20-04-2016,2,6
183,22,Completed,19-04-2016,20-04-2016,20-04-2016,2,7
184,134,Completed,19-04-2016,21-04-2016,22-04-2016,2,7
185,24,Rejected,20-04-2016,20-04-2016,Pending,1,2
186,1127,Completed,21-04-2016,22-04-2016,24-04-2016,2,6
187,183,Completed,22-04-2016,23-04-2016,24-04-2016,2,6
188,390,Completed,22-04-2016,23-04-2016,25-04-2016,2,6
189,1288,Completed,23-04-2016,24-04-2016,26-04-2016,1,2
190,98,Completed,23-04-2016,25-04-2016,25-04-2016,2,6
191,919,Completed,27-04-2016,28-04-2016,28-04-2016,1,2
192,728,Completed,27-04-2016,28-04-2016,29-04-2016,2,7
193,1366,Completed,28-04-2016,30-04-2016,30-04-2016,1,3
194,558,Completed,28-04-2016,30-04-2016,01-05-2016,2,7
195,727,Completed,28-04-2016,01-05-2016,01-05-2016,2,7
196,1247,Completed,28-04-2016,30-04-2016,01-05-2016,2,6
197,127,Completed,30-04-2016,03-05-2016,03-05-2016,2,7
198,640,Completed,01-05-2016,04-05-2016,03-05-2016,2,6
199,760,Completed,01-05-2016,04-05-2016,04-05-2016,2,7
200,1074,Completed,01-05-2016,03-05-2016,03-05-2016,2,6
201,280,Completed,01-05-2016,04-05-2016,02-05-2016,3,9
202,600,Completed,03-05-2016,05-05-2016,04-05-2016,1,2
203,1102,Completed,03-05-2016,05-05-2016,06-05-2016,3,9
204,591,Completed,04-05-2016,07-05-2016,06-05-2016,2,7
205,635,Completed,04-05-2016,05-05-2016,06-05-2016,2,6
206,743,Completed,04-05-2016,06-05-2016,05-05-2016,3,9
207,105,Completed,05-05-2016,07-05-2016,07-05-2016,2,7
208,815,Completed,06-05-2016,07-05-2016,09-05-2016,2,7
209,514,Completed,07-05-2016,08-05-2016,08-05-2016,2,6
210,943,Completed,07-05-2016,08-05-2016,09-05-2016,2,6
211,1140,Completed,07-05-2016,09-05-2016,08-05-2016,2,6
212,1373,Completed,08-05-2016,09-05-2016,11-05-2016,2,6
213,788,Completed,08-05-2016,09-05-2016,09-05-2016,3,8
214,363,Completed,10-05-2016,12-05-2016,11-05-2016,2,6
215,1420,Completed,10-05-2016,13-05-2016,12-05-2016,2,7
216,267,Completed,11-05-2016,14-05-2016,13-05-2016,1,3
217,716,Completed,11-05-2016,12-05-2016,14-05-2016,2,7
218,1179,Completed,12-05-2016,14-05-2016,14-05-2016,2,7
219,1338,Completed,12-05-2016,15-05-2016,15-05-2016,2,6
220,1358,Completed,12-05-2016,14-05-2016,15-05-2016,2,6
221,1218,Completed,13-05-2016,16-05-2016,14-05-2016,1,2
222,51,Completed,13-05-2016,16-05-2016,14-05-2016,2,6
223,1368,Completed,15-05-2016,16-05-2016,17-05-2016,2,7
224,157,Completed,17-05-2016,18-05-2016,19-05-2016,1,3
225,307,Completed,17-05-2016,20-05-2016,19-05-2016,1,3
226,501,Completed,17-05-2016,19-05-2016,20-05-2016,1,2
227,489,Completed,17-05-2016,18-05-2016,20-05-2016,2,7
228,615,Completed,17-05-2016,20-05-2016,20-05-2016,2,7
229,742,Completed,19-05-2016,21-05-2016,20-05-2016,2,6
230,1167,Completed,19-05-2016,20-05-2016,21-05-2016,2,6
231,1257,Completed,19-05-2016,22-05-2016,21-05-2016,2,6
232,1360,Completed,20-05-2016,23-05-2016,23-05-2016,1,3
233,737,Completed,21-05-2016,22-05-2016,24-05-2016,2,6
234,1435,Completed,22-05-2016,24-05-2016,24-05-2016,2,6
235,649,Completed,24-05-2016,25-05-2016,25-05-2016,2,6
236,206,Completed,25-05-2016,27-05-2016,26-05-2016,2,6
237,1351,Completed,25-05-2016,26-05-2016,27-05-2016,2,7
238,1350,Completed,26-05-2016,29-05-2016,29-05-2016,2,6
239,13,Rejected,27-05-2016,27-05-2016,Pending,3,9
240,65,Completed,27-05-2016,29-05-2016,30-05-2016,2,6
241,1082,Completed,27-05-2016,29-05-2016,29-05-2016,2,7
242,1168,Completed,27-05-2016,30-05-2016,30-05-2016,2,7
243,802,Completed,27-05-2016,30-05-2016,28-05-2016,3,8
244,956,Completed,28-05-2016,29-05-2016,29-05-2016,2,6
245,223,Completed,29-05-2016,31-05-2016,30-05-2016,2,7
246,17,Rejected,30-05-2016,30-05-2016,Pending,2,6
247,928,Completed,30-05-2016,01-06-2016,01-06-2016,1,3
248,1376,Completed,30-05-2016,01-06-2016,31-05-2016,2,7
249,145,Completed,01-06-2016,04-06-2016,04-06-2016,2,6
250,150,Completed,01-06-2016,02-06-2016,04-06-2016,2,7
251,851,Completed,01-06-2016,04-06-2016,04-06-2016,2,7
252,66,Completed,01-06-2016,04-06-2016,02-06-2016,3,8
253,1267,Completed,02-06-2016,05-06-2016,05-06-2016,2,6
254,510,Completed,03-06-2016,06-06-2016,05-06-2016,2,7
255,801,Completed,03-06-2016,06-06-2016,05-06-2016,2,7
256,26,Completed,04-06-2016,05-06-2016,07-06-2016,2,7
257,1314,Completed,05-06-2016,06-06-2016,08-06-2016,1,3
258,107,Completed,06-06-2016,07-06-2016,07-06-2016,2,7
259,413,Completed,06-06-2016,09-06-2016,09-06-2016,2,7
260,632,Completed,06-06-2016,08-06-2016,08-06-2016,2,6
261,1045,Completed,08-06-2016,10-06-2016,09-06-2016,1,2
262,579,Completed,08-06-2016,11-06-2016,10-06-2016,3,9
263,1322,Completed,09-06-2016,10-06-2016,12-06-2016,2,6
264,5,Rejected,10-06-2016,10-06-2016,Pending,1,3
265,682,Completed,10-06-2016,12-06-2016,11-06-2016,2,7
266,933,Completed,10-06-2016,13-06-2016,13-06-2016,2,7
267,282,Completed,11-06-2016,14-06-2016,14-06-2016,1,3
268,540,Completed,11-06-2016,14-06-2016,12-06-2016,1,3
269,764,Completed,12-06-2016,13-06-2016,15-06-2016,2,6
270,879,Completed,12-06-2016,15-06-2016,13-06-2016,2,7
271,350,Completed,13-06-2016,16-06-2016,14-06-2016,2,7
272,497,Completed,15-06-2016,18-06-2016,16-06-2016,2,7
273,1340,Completed,16-06-2016,19-06-2016,17-06-2016,2,7
274,411,Completed,17-06-2016,20-06-2016,18-06-2016,2,7
275,1341,Completed,17-06-2016,19-06-2016,18-06-2016,2,7
276,1227,Completed,18-06-2016,19-06-2016,19-06-2016,2,6
277,546,Completed,19-06-2016,20-06-2016,20-06-2016,2,7
278,1301,Completed,20-06-2016,23-06-2016,21-06-2016,1,3
279,378,Completed,21-06-2016,22-06-2016,22-06-2016,2,6
280,638,Completed,21-06-2016,22-06-2016,23-06-2016,2,7
281,800,Completed,21-06-2016,22-06-2016,23-06-2016,2,7
282,159,Completed,22-06-2016,25-06-2016,25-06-2016,3,9
283,181,Completed,23-06-2016,26-06-2016,26-06-2016,1,2
284,1356,Completed,23-06-2016,25-06-2016,25-06-2016,2,7
285,319,Completed,25-06-2016,26-06-2016,27-06-2016,1,2
286,59,Completed,25-06-2016,26-06-2016,26-06-2016,2,6
287,133,Completed,25-06-2016,26-06-2016,27-06-2016,2,6
288,780,Completed,25-06-2016,28-06-2016,28-06-2016,2,6
289,849,Completed,27-06-2016,28-06-2016,30-06-2016,2,6
290,202,Completed,28-06-2016,29-06-2016,30-06-2016,2,6
291,158,Completed,29-06-2016,30-06-2016,01-07-2016,2,6
292,360,Completed,29-06-2016,30-06-2016,02-07-2016,3,9
293,573,Completed,30-06-2016,03-07-2016,02-07-2016,2,7
294,732,Completed,01-07-2016,02-07-2016,02-07-2016,2,7
295,1130,Completed,01-07-2016,04-07-2016,04-07-2016,2,7
296,1245,Completed,04-07-2016,07-07-2016,06-07-2016,2,6
297,1425,Completed,04-07-2016,05-07-2016,06-07-2016,2,7
298,885,Completed,04-07-2016,07-07-2016,07-07-2016,3,9
299,281,Completed,05-07-2016,06-07-2016,07-07-2016,2,6
300,1205,Completed,05-07-2016,08-07-2016,08-07-2016,2,6
301,17,Completed,06-07-2016,09-07-2016,08-07-2016,2,6
302,1375,Completed,06-07-2016,07-07-2016,09-07-2016,2,6
303,36,Completed,07-07-2016,08-07-2016,09-07-2016,2,7
304,230,Completed,07-07-2016,08-07-2016,08-07-2016,2,6
305,705,Completed,07-07-2016,08-07-2016,08-07-2016,2,7
306,424,Completed,09-07-2016,10-07-2016,12-07-2016,2,7
307,695,Completed,09-07-2016,11-07-2016,11-07-2016,2,6
308,156,Completed,11-07-2016,12-07-2016,14-07-2016,2,6
309,211,Completed,11-07-2016,13-07-2016,13-07-2016,2,6
310,627,Completed,12-07-2016,13-07-2016,13-07-2016,1,2
311,1400,Completed,12-07-2016,14-07-2016,13-07-2016,2,6
312,299,Completed,13-07-2016,15-07-2016,16-07-2016,2,6
313,565,Completed,14-07-2016,15-07-2016,15-07-2016,3,9
314,1019,Completed,15-07-2016,17-07-2016,17-07-2016,2,7
315,1263,Completed,16-07-2016,19-07-2016,17-07-2016,2,6
316,670,Completed,17-07-2016,20-07-2016,19-07-2016,2,7
317,795,Completed,17-07-2016,20-07-2016,19-07-2016,2,7
318,1141,Completed,17-07-2016,19-07-2016,20-07-2016,2,7
319,941,Completed,18-07-2016,21-07-2016,21-07-2016,2,6
320,1428,Completed,19-07-2016,20-07-2016,21-07-2016,1,2
321,568,Completed,19-07-2016,22-07-2016,21-07-2016,2,6
322,924,Completed,19-07-2016,22-07-2016,20-07-2016,2,6
323,1243,Completed,19-07-2016,22-07-2016,21-07-2016,2,6
324,480,Completed,20-07-2016,22-07-2016,23-07-2016,2,6
325,848,Completed,20-07-2016,21-07-2016,21-07-2016,2,6
326,1337,Completed,20-07-2016,21-07-2016,22-07-2016,3,9
327,83,Completed,21-07-2016,24-07-2016,22-07-2016,2,6
328,528,Completed,23-07-2016,26-07-2016,25-07-2016,2,6
329,274,Completed,24-07-2016,27-07-2016,26-07-2016,2,6
330,622,Completed,24-07-2016,27-07-2016,27-07-2016,2,6
331,642,Completed,24-07-2016,26-07-2016,25-07-2016,2,6
332,659,Completed,24-07-2016,26-07-2016,26-07-2016,2,7
333,779,Completed,25-07-2016,27-07-2016,26-07-2016,2,6
334,1112,Completed,25-07-2016,28-07-2016,27-07-2016,2,7
335,1193,Completed,25-07-2016,27-07-2016,26-07-2016,2,6
336,1030,Completed,26-07-2016,29-07-2016,27-07-2016,2,7
337,1252,Completed,26-07-2016,27-07-2016,28-07-2016,2,7
338,1333,Completed,28-07-2016,29-07-2016,30-07-2016,1,3
339,1110,Completed,28-07-2016,31-07-2016,29-07-2016,2,7
340,963,Completed,29-07-2016,30-07-2016,31-07-2016,2,7
341,1357,Completed,31-07-2016,03-08-2016,01-08-2016,1,3
342,806,Completed,31-07-2016,01-08-2016,03-08-2016,2,7
343,961,Completed,31-07-2016,02-08-2016,01-08-2016,2,7
344,750,Completed,01-08-2016,03-08-2016,02-08-2016,2,6
345,1299,Completed,01-08-2016,04-08-2016,03-08-2016,2,6
346,584,Completed,01-08-2016,03-08-2016,02-08-2016,3,9
347,1004,Completed,02-08-2016,03-08-2016,05-08-2016,2,6
348,907,Completed,02-08-2016,05-08-2016,04-08-2016,3,9
349,30,Rejected,03-08-2016,03-08-2016,Pending,1,3
350,31,Rejected,03-08-2016,03-08-2016,Pending,1,3
351,1307,Completed,03-08-2016,06-08-2016,04-08-2016,1,2
352,16,Completed,03-08-2016,04-08-2016,06-08-2016,2,7
353,1387,Completed,03-08-2016,06-08-2016,06-08-2016,2,7
354,551,Completed,03-08-2016,05-08-2016,06-08-2016,3,8
355,1011,Completed,03-08-2016,05-08-2016,05-08-2016,3,8
356,1189,Completed,04-08-2016,07-08-2016,06-08-2016,2,6
357,14,Rejected,05-08-2016,05-08-2016,Pending,3,8
358,1042,Completed,05-08-2016,07-08-2016,07-08-2016,2,7
359,441,Completed,07-08-2016,10-08-2016,10-08-2016,2,7
360,1300,Completed,07-08-2016,09-08-2016,10-08-2016,2,6
361,994,Completed,08-08-2016,09-08-2016,11-08-2016,2,6
362,187,Completed,09-08-2016,11-08-2016,11-08-2016,1,2
363,834,Completed,11-08-2016,12-08-2016,13-08-2016,3,8
364,373,Completed,12-08-2016,14-08-2016,13-08-2016,2,6
365,981,Completed,13-08-2016,14-08-2016,15-08-2016,2,6
366,1054,Completed,13-08-2016,14-08-2016,14-08-2016,3,9
367,527,Completed,14-08-2016,15-08-2016,15-08-2016,2,7
368,995,Completed,14-08-2016,15-08-2016,17-08-2016,2,7
369,1285,Completed,15-08-2016,18-08-2016,18-08-2016,1,3
370,758,Completed,15-08-2016,18-08-2016,18-08-2016,2,7
371,891,Completed,15-08-2016,16-08-2016,18-08-2016,2,7
372,132,Completed,16-08-2016,18-08-2016,18-08-2016,2,6
373,337,Completed,16-08-2016,19-08-2016,17-08-2016,2,7
374,1313,Completed,17-08-2016,19-08-2016,18-08-2016,1,2
375,536,Completed,17-08-2016,20-08-2016,20-08-2016,2,7
376,825,Completed,17-08-2016,19-08-2016,18-08-2016,2,6
377,1355,Completed,17-08-2016,19-08-2016,20-08-2016,2,6
378,475,Completed,17-08-2016,20-08-2016,20-08-2016,3,9
379,954,Completed,18-08-2016,21-08-2016,21-08-2016,2,7
380,1156,Completed,19-08-2016,20-08-2016,21-08-2016,2,7
381,1297,Completed,19-08-2016,21-08-2016,21-08-2016,2,7
382,199,Completed,20-08-2016,23-08-2016,23-08-2016,2,6
383,331,Completed,20-08-2016,23-08-2016,22-08-2016,2,7
384,410,Completed,20-08-2016,22-08-2016,23-08-2016,2,7
385,1274,Completed,20-08-2016,23-08-2016,22-08-2016,2,7
386,1362,Completed,20-08-2016,23-08-2016,23-08-2016,2,6
387,451,Completed,20-08-2016,21-08-2016,21-08-2016,3,8
388,1080,Completed,21-08-2016,24-08-2016,23-08-2016,3,8
389,53,Completed,22-08-2016,24-08-2016,25-08-2016,1,3
390,576,Completed,22-08-2016,24-08-2016,25-08-2016,3,9
391,61,Rejected,23-08-2016,23-08-2016,Pending,3,9
392,176,Completed,23-08-2016,26-08-2016,24-08-2016,1,3
393,368,Completed,25-08-2016,26-08-2016,27-08-2016,2,6
394,522,Completed,26-08-2016,28-08-2016,29-08-2016,1,3
395,144,Completed,26-08-2016,27-08-2016,29-08-2016,2,6
396,542,Completed,27-08-2016,30-08-2016,29-08-2016,2,6
397,1437,Completed,28-08-2016,31-08-2016,29-08-2016,2,7
398,447,Completed,29-08-2016,30-08-2016,01-09-2016,1,2
399,1001,Completed,29-08-2016,01-09-2016,01-09-2016,2,7
400,1295,Completed,29-08-2016,30-08-2016,31-08-2016,2,6
401,103,Completed,30-08-2016,02-09-2016,01-09-2016,2,6
402,1335,Completed,30-08-2016,01-09-2016,31-08-2016,2,6
403,578,Completed,31-08-2016,01-09-2016,02-09-2016,1,3
404,396,Completed,31-08-2016,03-09-2016,01-09-2016,2,7
405,603,Completed,31-08-2016,01-09-2016,01-09-2016,2,6
406,1380,Completed,31-08-2016,02-09-2016,01-09-2016,2,7
407,77,Rejected,01-09-2016,01-09-2016,Pending,3,8
408,1071,Completed,01-09-2016,02-09-2016,02-09-2016,1,2
409,416,Completed,01-09-2016,04-09-2016,04-09-2016,2,7
410,1151,Completed,01-09-2016,03-09-2016,02-09-2016,2,6
411,261,Completed,02-09-2016,04-09-2016,04-09-2016,1,3
412,1202,Completed,02-09-2016,04-09-2016,04-09-2016,1,3
413,717,Completed,02-09-2016,05-09-2016,03-09-2016,2,6
414,917,Completed,03-09-2016,06-09-2016,06-09-2016,2,7
415,1265,Completed,03-09-2016,06-09-2016,06-09-2016,2,7
416,1377,Completed,03-09-2016,04-09-2016,06-09-2016,2,7
417,359,Completed,04-09-2016,05-09-2016,06-09-2016,1,3
418,88,Completed,04-09-2016,05-09-2016,05-09-2016,2,6
419,14,Completed,04-09-2016,07-09-2016,06-09-2016,3,8
420,72,Completed,05-09-2016,06-09-2016,07-09-2016,1,3
421,240,Completed,05-09-2016,06-09-2016,08-09-2016,1,3
422,398,Completed,06-09-2016,07-09-2016,09-09-2016,2,6
423,1397,Completed,06-09-2016,09-09-2016,09-09-2016,2,7
424,67,Completed,08-09-2016,11-09-2016,11-09-2016,1,3
425,843,Completed,08-09-2016,11-09-2016,11-09-2016,2,6
426,944,Completed,08-09-2016,10-09-2016,10-09-2016,2,6
427,434,Completed,09-09-2016,10-09-2016,11-09-2016,1,2
428,1039,Completed,09-09-2016,12-09-2016,10-09-2016,2,6
429,153,Completed,10-09-2016,12-09-2016,12-09-2016,3,8
430,272,Completed,11-09-2016,13-09-2016,12-09-2016,2,6
431,1217,Completed,11-09-2016,12-09-2016,12-09-2016,2,6
432,169,Completed,12-09-2016,15-09-2016,14-09-2016,1,2
433,1062,Completed,12-09-2016,15-09-2016,13-09-2016,2,6
434,726,Completed,13-09-2016,15-09-2016,14-09-2016,2,6
435,77,Completed,14-09-2016,15-09-2016,16-09-2016,3,9
436,791,Completed,16-09-2016,19-09-2016,19-09-2016,2,7
437,1085,Completed,16-09-2016,18-09-2016,18-09-2016,2,7
438,314,Completed,16-09-2016,19-09-2016,18-09-2016,3,8
439,149,Completed,17-09-2016,20-09-2016,18-09-2016,2,6
440,882,Completed,17-09-2016,18-09-2016,19-09-2016,2,7
441,704,Completed,18-09-2016,19-09-2016,19-09-2016,1,2
442,667,Completed,18-09-2016,21-09-2016,21-09-2016,2,7
443,1371,Completed,18-09-2016,19-09-2016,20-09-2016,2,6
444,30,Completed,19-09-2016,20-09-2016,21-09-2016,1,2
445,362,Completed,19-09-2016,22-09-2016,22-09-2016,2,6
446,399,Completed,19-09-2016,21-09-2016,20-09-2016,2,7
447,808,Completed,20-09-2016,23-09-2016,22-09-2016,3,8
448,101,Completed,21-09-2016,22-09-2016,24-09-2016,2,6
449,492,Completed,21-09-2016,24-09-2016,22-09-2016,2,7
450,575,Completed,21-09-2016,24-09-2016,23-09-2016,2,7
451,1146,Completed,21-09-2016,23-09-2016,22-09-2016,2,7
452,997,Completed,22-09-2016,23-09-2016,24-09-2016,2,7
453,1028,Completed,22-09-2016,24-09-2016,25-09-2016,2,7
454,988,Completed,23-09-2016,25-09-2016,26-09-2016,2,6
455,1055,Completed,23-09-2016,24-09-2016,24-09-2016,2,7
456,1061,Completed,23-09-2016,26-09-2016,25-09-2016,3,9
457,1349,Completed,24-09-2016,27-09-2016,27-09-2016,1,3
458,197,Completed,25-09-2016,28-09-2016,26-09-2016,2,6
459,874,Completed,25-09-2016,28-09-2016,26-09-2016,2,6
460,691,Completed,25-09-2016,27-09-2016,26-09-2016,3,8
461,853,Completed,26-09-2016,27-09-2016,27-09-2016,2,7
462,852,Completed,27-09-2016,28-09-2016,29-09-2016,2,6
463,964,Completed,27-09-2016,28-09-2016,28-09-2016,3,8
464,74,Completed,28-09-2016,30-09-2016,29-09-2016,2,7
465,1198,Completed,28-09-2016,01-10-2016,01-10-2016,2,6
466,1440,Completed,28-09-2016,29-09-2016,01-10-2016,2,7
467,555,Completed,28-09-2016,30-09-2016,30-09-2016,3,8
468,1261,Completed,29-09-2016,02-10-2016,30-09-2016,1,3
469,1089,Completed,29-09-2016,02-10-2016,02-10-2016,2,7
470,641,Completed,30-09-2016,02-10-2016,02-10-2016,1,3
471,697,Completed,30-09-2016,02-10-2016,01-10-2016,1,3
472,468,Completed,30-09-2016,01-10-2016,01-10-2016,2,7
473,549,Completed,30-09-2016,02-10-2016,03-10-2016,2,7
474,553,Completed,01-10-2016,04-10-2016,04-10-2016,1,3
475,241,Completed,01-10-2016,04-10-2016,03-10-2016,2,7
476,559,Completed,01-10-2016,04-10-2016,02-10-2016,2,6
477,449,Completed,02-10-2016,05-10-2016,04-10-2016,1,2
478,304,Completed,02-10-2016,05-10-2016,03-10-2016,2,7
479,984,Completed,03-10-2016,04-10-2016,04-10-2016,2,6
480,686,Completed,04-10-2016,07-10-2016,05-10-2016,1,3
481,481,Completed,04-10-2016,07-10-2016,06-10-2016,3,9
482,513,Completed,05-10-2016,06-10-2016,06-10-2016,2,6
483,703,Completed,06-10-2016,07-10-2016,09-10-2016,1,2
484,421,Completed,06-10-2016,09-10-2016,07-10-2016,2,7
485,465,Completed,06-10-2016,08-10-2016,07-10-2016,2,7
486,709,Completed,06-10-2016,08-10-2016,09-10-2016,2,7
487,827,Completed,06-10-2016,09-10-2016,09-10-2016,2,6
488,921,Completed,06-10-2016,09-10-2016,08-10-2016,2,6
489,899,Completed,06-10-2016,08-10-2016,08-10-2016,3,8
490,876,Completed,07-10-2016,10-10-2016,09-10-2016,2,6
491,1048,Completed,08-10-2016,10-10-2016,11-10-2016,1,2
492,191,Completed,09-10-2016,10-10-2016,12-10-2016,1,2
493,796,Completed,09-10-2016,12-10-2016,11-10-2016,1,3
494,875,Completed,09-10-2016,10-10-2016,11-10-2016,2,6
495,712,Completed,10-10-2016,12-10-2016,13-10-2016,1,3
496,193,Completed,10-10-2016,12-10-2016,11-10-2016,2,6
497,785,Completed,10-10-2016,11-10-2016,11-10-2016,2,6
498,1331,Completed,10-10-2016,12-10-2016,11-10-2016,2,6
499,260,Completed,11-10-2016,14-10-2016,13-10-2016,1,2
500,148,Completed,11-10-2016,12-10-2016,13-10-2016,2,6
501,977,Completed,11-10-2016,12-10-2016,13-10-2016,2,7
502,401,Completed,12-10-2016,13-10-2016,13-10-2016,3,9
503,932,Completed,13-10-2016,16-10-2016,14-10-2016,2,6
504,1381,Completed,14-10-2016,15-10-2016,15-10-2016,1,2
505,721,Completed,14-10-2016,16-10-2016,17-10-2016,2,6
506,831,Completed,14-10-2016,16-10-2016,16-10-2016,2,6
507,1378,Completed,15-10-2016,17-10-2016,17-10-2016,1,3
508,1359,Completed,15-10-2016,18-10-2016,18-10-2016,2,6
509,235,Completed,16-10-2016,17-10-2016,17-10-2016,2,7
510,586,Completed,17-10-2016,18-10-2016,18-10-2016,2,7
511,377,Completed,18-10-2016,20-10-2016,19-10-2016,2,7
512,8,Completed,19-10-2016,22-10-2016,20-10-2016,2,7
513,155,Completed,19-10-2016,21-10-2016,21-10-2016,2,6
514,927,Completed,19-10-2016,21-10-2016,20-10-2016,2,7
515,986,Completed,19-10-2016,20-10-2016,22-10-2016,2,6
516,111,Completed,21-10-2016,23-10-2016,24-10-2016,2,6
517,613,Completed,21-10-2016,22-10-2016,24-10-2016,2,6
518,1374,Completed,22-10-2016,24-10-2016,25-10-2016,1,2
519,54,Completed,22-10-2016,23-10-2016,24-10-2016,2,7
520,639,Completed,23-10-2016,26-10-2016,24-10-2016,2,7
521,664,Completed,23-10-2016,25-10-2016,25-10-2016,2,6
522,724,Completed,23-10-2016,24-10-2016,24-10-2016,2,7
523,1056,Completed,24-10-2016,26-10-2016,27-10-2016,2,6
524,569,Completed,25-10-2016,26-10-2016,27-10-2016,1,2
525,1315,Completed,26-10-2016,28-10-2016,29-10-2016,1,3
526,1096,Completed,26-10-2016,28-10-2016,28-10-2016,2,6
527,506,Completed,27-10-2016,29-10-2016,28-10-2016,1,2
528,676,Completed,28-10-2016,31-10-2016,31-10-2016,2,7
529,753,Completed,28-10-2016,30-10-2016,31-10-2016,2,7
530,773,Completed,28-10-2016,31-10-2016,31-10-2016,2,6
531,116,Completed,28-10-2016,29-10-2016,30-10-2016,3,8
532,817,Completed,29-10-2016,31-10-2016,30-10-2016,2,7
533,1334,Completed,29-10-2016,01-11-2016,01-11-2016,2,6
534,1406,Completed,29-10-2016,30-10-2016,31-10-2016,2,7
535,835,Completed,29-10-2016,31-10-2016,01-11-2016,3,9
536,759,Completed,31-10-2016,02-11-2016,01-11-2016,1,3
537,1353,Completed,31-10-2016,01-11-2016,03-11-2016,1,2
538,341,Completed,02-11-2016,05-11-2016,05-11-2016,2,6
539,1144,Completed,02-11-2016,04-11-2016,03-11-2016,2,7
540,1429,Completed,03-11-2016,05-11-2016,06-11-2016,1,3
541,1228,Completed,04-11-2016,07-11-2016,07-11-2016,1,3
542,313,Completed,04-11-2016,06-11-2016,05-11-2016,2,7
543,62,Completed,06-11-2016,09-11-2016,08-11-2016,2,6
544,321,Completed,06-11-2016,07-11-2016,08-11-2016,2,7
545,1108,Completed,08-11-2016,10-11-2016,09-11-2016,3,9
546,470,Completed,09-11-2016,12-11-2016,10-11-2016,2,7
547,20,Completed,09-11-2016,11-11-2016,10-11-2016,3,8
548,739,Completed,11-11-2016,13-11-2016,13-11-2016,2,7
549,64,Rejected,12-11-2016,12-11-2016,Pending,3,9
550,892,Completed,12-11-2016,14-11-2016,15-11-2016,2,7
551,1169,Completed,12-11-2016,13-11-2016,13-11-2016,2,6
552,1282,Completed,12-11-2016,15-11-2016,13-11-2016,2,7
553,913,Completed,12-11-2016,13-11-2016,15-11-2016,3,9
554,104,Completed,13-11-2016,14-11-2016,16-11-2016,1,3
555,212,Completed,13-11-2016,14-11-2016,16-11-2016,2,7
556,61,Completed,13-11-2016,14-11-2016,15-11-2016,3,9
557,1248,Completed,14-11-2016,17-11-2016,15-11-2016,2,6
558,1443,Completed,15-11-2016,16-11-2016,17-11-2016,2,7
559,959,Completed,16-11-2016,17-11-2016,17-11-2016,1,2
560,1405,Completed,18-11-2016,19-11-2016,21-11-2016,2,6
561,90,Completed,19-11-2016,22-11-2016,22-11-2016,2,6
562,942,Completed,19-11-2016,20-11-2016,22-11-2016,2,7
563,365,Completed,20-11-2016,22-11-2016,21-11-2016,2,6
564,1058,Completed,20-11-2016,23-11-2016,22-11-2016,2,7
565,894,Completed,21-11-2016,22-11-2016,22-11-2016,2,7
566,298,Completed,22-11-2016,25-11-2016,23-11-2016,1,3
567,1430,Completed,22-11-2016,23-11-2016,23-11-2016,1,2
568,1275,Completed,23-11-2016,25-11-2016,24-11-2016,1,3
569,707,Completed,23-11-2016,24-11-2016,25-11-2016,2,6
570,989,Completed,23-11-2016,24-11-2016,25-11-2016,2,6
571,5,Completed,24-11-2016,25-11-2016,27-11-2016,1,2
572,178,Completed,24-11-2016,26-11-2016,26-11-2016,2,6
573,423,Completed,24-11-2016,26-11-2016,27-11-2016,2,6
574,833,Completed,26-11-2016,27-11-2016,29-11-2016,2,7
575,33,Completed,27-11-2016,28-11-2016,30-11-2016,1,3
576,1272,Completed,27-11-2016,30-11-2016,28-11-2016,1,3
577,445,Completed,27-11-2016,30-11-2016,29-11-2016,2,6
578,819,Completed,27-11-2016,28-11-2016,29-11-2016,2,7
579,160,Completed,27-11-2016,30-11-2016,29-11-2016,3,8
580,581,Completed,30-11-2016,02-12-2016,02-12-2016,1,3
581,688,Completed,03-12-2016,05-12-2016,06-12-2016,1,3
582,32,Rejected,04-12-2016,04-12-2016,Pending,1,2
583,792,Completed,04-12-2016,05-12-2016,07-12-2016,2,7
584,1209,Completed,04-12-2016,05-12-2016,05-12-2016,2,7
585,1219,Completed,04-12-2016,05-12-2016,05-12-2016,2,7
586,1306,Completed,04-12-2016,06-12-2016,05-12-2016,2,6
587,487,Completed,06-12-2016,08-12-2016,08-12-2016,1,2
588,102,Completed,06-12-2016,07-12-2016,07-12-2016,2,7
589,719,Completed,06-12-2016,07-12-2016,07-12-2016,2,7
590,990,Completed,06-12-2016,09-12-2016,07-12-2016,2,7
591,1211,Completed,06-12-2016,09-12-2016,09-12-2016,2,7
592,1232,Completed,06-12-2016,08-12-2016,08-12-2016,2,7
593,50,Completed,07-12-2016,10-12-2016,08-12-2016,3,8
594,1318,Completed,07-12-2016,08-12-2016,08-12-2016,3,8
595,538,Completed,08-12-2016,09-12-2016,11-12-2016,1,2
596,952,Completed,08-12-2016,09-12-2016,09-12-2016,1,3
597,1121,Completed,08-12-2016,09-12-2016,10-12-2016,2,6
598,40,Rejected,09-12-2016,09-12-2016,Pending,1,3
599,1,Completed,09-12-2016,10-12-2016,12-12-2016,2,6
600,624,Completed,09-12-2016,12-12-2016,11-12-2016,2,7
601,683,Completed,09-12-2016,10-12-2016,10-12-2016,2,6
602,823,Completed,09-12-2016,10-12-2016,11-12-2016,2,6
603,1032,Completed,09-12-2016,10-12-2016,10-12-2016,2,7
604,96,Completed,10-12-2016,13-12-2016,12-12-2016,2,7
605,1208,Completed,10-12-2016,11-12-2016,12-12-2016,2,6
606,18,Completed,11-12-2016,12-12-2016,13-12-2016,2,7
607,309,Completed,11-12-2016,14-12-2016,13-12-2016,2,6
608,1103,Completed,12-12-2016,15-12-2016,14-12-2016,1,3
609,896,Completed,12-12-2016,13-12-2016,14-12-2016,2,7
610,711,Completed,13-12-2016,15-12-2016,14-12-2016,2,6
611,1073,Completed,15-12-2016,17-12-2016,18-12-2016,2,7
612,634,Completed,16-12-2016,17-12-2016,17-12-2016,2,7
613,1159,Completed,17-12-2016,19-12-2016,19-12-2016,2,7
614,654,Completed,18-12-2016,21-12-2016,21-12-2016,1,2
615,560,Completed,19-12-2016,22-12-2016,21-12-2016,3,9
616,1444,Completed,20-12-2016,23-12-2016,23-12-2016,2,6
617,118,Completed,21-12-2016,23-12-2016,23-12-2016,2,7
618,131,Completed,21-12-2016,22-12-2016,22-12-2016,2,6
619,454,Completed,22-12-2016,25-12-2016,25-12-2016,2,7
620,466,Completed,22-12-2016,24-12-2016,24-12-2016,2,6
621,1157,Completed,23-12-2016,25-12-2016,24-12-2016,2,6
622,1398,Completed,23-12-2016,26-12-2016,25-12-2016,2,7
623,678,Completed,24-12-2016,26-12-2016,27-12-2016,2,6
624,814,Completed,24-12-2016,25-12-2016,27-12-2016,2,6
625,1163,Completed,25-12-2016,28-12-2016,26-12-2016,1,2
626,130,Completed,25-12-2016,28-12-2016,27-12-2016,2,7
627,1119,Completed,25-12-2016,26-12-2016,28-12-2016,2,6
628,561,Completed,26-12-2016,29-12-2016,27-12-2016,1,3
629,973,Completed,26-12-2016,27-12-2016,29-12-2016,1,2
630,1404,Completed,26-12-2016,27-12-2016,28-12-2016,2,6
631,855,Completed,27-12-2016,29-12-2016,29-12-2016,1,3
632,163,Completed,27-12-2016,29-12-2016,29-12-2016,2,7
633,1040,Completed,28-12-2016,31-12-2016,30-12-2016,3,8
634,27,Completed,29-12-2016,01-01-2017,30-12-2016,2,6
635,520,Completed,30-12-2016,02-01-2017,31-12-2016,2,6
636,532,Completed,03-01-2017,04-01-2017,05-01-2017,1,2
637,512,Completed,03-01-2017,05-01-2017,05-01-2017,2,6
638,1302,Completed,04-01-2017,05-01-2017,06-01-2017,2,7
639,550,Completed,06-01-2017,07-01-2017,07-01-2017,2,6
640,1093,Completed,06-01-2017,08-01-2017,07-01-2017,2,6
641,673,Completed,07-01-2017,10-01-2017,08-01-2017,1,3
642,847,Completed,07-01-2017,09-01-2017,10-01-2017,2,7
643,901,Completed,08-01-2017,09-01-2017,11-01-2017,1,3
644,439,Completed,08-01-2017,11-01-2017,10-01-2017,2,6
645,1199,Completed,08-01-2017,11-01-2017,10-01-2017,2,6
646,975,Completed,09-01-2017,12-01-2017,11-01-2017,1,2
647,283,Completed,09-01-2017,10-01-2017,11-01-2017,2,7
648,684,Completed,09-01-2017,11-01-2017,11-01-2017,2,6
649,1153,Completed,10-01-2017,11-01-2017,13-01-2017,1,3
650,729,Completed,11-01-2017,14-01-2017,12-01-2017,1,2
651,190,Completed,11-01-2017,13-01-2017,13-01-2017,2,7
652,985,Completed,12-01-2017,15-01-2017,13-01-2017,3,9
653,1249,Completed,14-01-2017,17-01-2017,15-01-2017,1,2
654,1129,Completed,14-01-2017,15-01-2017,17-01-2017,2,7
655,347,Completed,16-01-2017,17-01-2017,18-01-2017,1,3
656,949,Completed,16-01-2017,17-01-2017,18-01-2017,2,7
657,349,Completed,17-01-2017,19-01-2017,20-01-2017,1,2
658,1051,Completed,17-01-2017,18-01-2017,18-01-2017,2,7
659,1391,Completed,17-01-2017,19-01-2017,18-01-2017,2,7
660,383,Completed,18-01-2017,19-01-2017,19-01-2017,2,7
661,626,Completed,18-01-2017,19-01-2017,20-01-2017,2,6
662,1125,Completed,19-01-2017,20-01-2017,20-01-2017,1,3
663,344,Completed,20-01-2017,22-01-2017,23-01-2017,1,3
664,681,Completed,20-01-2017,23-01-2017,22-01-2017,2,7
665,29,Completed,21-01-2017,22-01-2017,23-01-2017,2,6
666,770,Completed,21-01-2017,22-01-2017,24-01-2017,2,7
667,858,Completed,22-01-2017,24-01-2017,25-01-2017,2,7
668,297,Completed,22-01-2017,23-01-2017,24-01-2017,3,8
669,745,Completed,23-01-2017,24-01-2017,26-01-2017,2,7
670,361,Completed,24-01-2017,25-01-2017,25-01-2017,2,6
671,922,Completed,25-01-2017,28-01-2017,26-01-2017,2,7
672,908,Completed,26-01-2017,29-01-2017,29-01-2017,2,6
673,64,Completed,26-01-2017,28-01-2017,27-01-2017,3,9
674,733,Completed,27-01-2017,28-01-2017,29-01-2017,2,6
675,291,Completed,28-01-2017,31-01-2017,30-01-2017,2,7
676,790,Completed,28-01-2017,30-01-2017,31-01-2017,2,7
677,809,Completed,28-01-2017,31-01-2017,30-01-2017,2,7
678,250,Completed,28-01-2017,29-01-2017,31-01-2017,3,9
679,81,Completed,29-01-2017,30-01-2017,30-01-2017,1,3
680,245,Completed,29-01-2017,01-02-2017,30-01-2017,1,3
681,499,Completed,29-01-2017,01-02-2017,31-01-2017,2,7
682,614,Completed,29-01-2017,30-01-2017,30-01-2017,2,6
683,741,Completed,29-01-2017,31-01-2017,01-02-2017,2,6
684,762,Completed,31-01-2017,01-02-2017,02-02-2017,2,6
685,976,Completed,31-01-2017,03-02-2017,02-02-2017,2,7
686,380,Completed,01-02-2017,03-02-2017,04-02-2017,2,7
687,530,Completed,02-02-2017,05-02-2017,04-02-2017,1,3
688,343,Completed,02-02-2017,03-02-2017,05-02-2017,2,7
689,884,Completed,02-02-2017,03-02-2017,05-02-2017,2,7
690,1097,Completed,03-02-2017,04-02-2017,06-02-2017,1,2
691,1081,Completed,04-02-2017,06-02-2017,06-02-2017,2,7
692,2,Rejected,05-02-2017,05-02-2017,Pending,1,3
693,1233,Completed,05-02-2017,07-02-2017,06-02-2017,1,3
694,58,Completed,05-02-2017,06-02-2017,08-02-2017,2,7
695,606,Completed,05-02-2017,08-02-2017,07-02-2017,2,7
696,1242,Completed,05-02-2017,08-02-2017,08-02-2017,2,7
697,562,Completed,06-02-2017,08-02-2017,09-02-2017,1,2
698,543,Completed,06-02-2017,08-02-2017,09-02-2017,3,8
699,958,Completed,06-02-2017,08-02-2017,09-02-2017,3,9
700,4,Completed,07-02-2017,10-02-2017,08-02-2017,2,6
701,850,Completed,07-02-2017,08-02-2017,09-02-2017,3,9
702,1352,Completed,08-02-2017,09-02-2017,11-02-2017,1,3
703,417,Completed,08-02-2017,09-02-2017,09-02-2017,2,7
704,1137,Completed,08-02-2017,09-02-2017,11-02-2017,2,6
705,1196,Completed,08-02-2017,11-02-2017,11-02-2017,2,7
706,1271,Completed,09-02-2017,12-02-2017,10-02-2017,1,2
707,79,Completed,09-02-2017,11-02-2017,11-02-2017,2,7
708,660,Completed,10-02-2017,12-02-2017,11-02-2017,1,2
709,1162,Completed,11-02-2017,13-02-2017,12-02-2017,2,6
710,295,Completed,13-02-2017,15-02-2017,16-02-2017,2,6
711,1246,Completed,13-02-2017,16-02-2017,14-02-2017,2,6
712,173,Completed,13-02-2017,14-02-2017,16-02-2017,3,9
713,207,Completed,13-02-2017,14-02-2017,15-02-2017,3,8
714,805,Completed,14-02-2017,17-02-2017,15-02-2017,2,7
715,12,Rejected,15-02-2017,15-02-2017,Pending,2,6
716,672,Completed,15-02-2017,17-02-2017,18-02-2017,2,6
717,1312,Completed,15-02-2017,18-02-2017,17-02-2017,2,6
718,38,Completed,16-02-2017,17-02-2017,17-02-2017,2,7
719,200,Completed,16-02-2017,19-02-2017,18-02-2017,2,6
720,382,Completed,16-02-2017,19-02-2017,19-02-2017,2,6
721,625,Completed,16-02-2017,19-02-2017,17-02-2017,2,7
722,1399,Completed,18-02-2017,20-02-2017,21-02-2017,2,7
723,845,Completed,19-02-2017,21-02-2017,22-02-2017,2,6
724,864,Completed,19-02-2017,22-02-2017,21-02-2017,2,6
725,870,Completed,19-02-2017,22-02-2017,22-02-2017,2,7
726,969,Completed,19-02-2017,22-02-2017,20-02-2017,2,6
727,962,Completed,19-02-2017,22-02-2017,21-02-2017,3,9
728,1138,Completed,20-02-2017,21-02-2017,23-02-2017,1,3
729,897,Completed,20-02-2017,22-02-2017,21-02-2017,2,7
730,500,Completed,21-02-2017,24-02-2017,22-02-2017,2,6
731,910,Completed,25-02-2017,27-02-2017,27-02-2017,3,9
732,147,Completed,26-02-2017,27-02-2017,01-03-2017,2,7
733,832,Completed,26-02-2017,01-03-2017,27-02-2017,2,7
734,939,Completed,26-02-2017,28-02-2017,01-03-2017,3,9
735,20,Rejected,27-02-2017,27-02-2017,Pending,3,9
736,184,Completed,27-02-2017,28-02-2017,28-02-2017,2,7
737,694,Completed,27-02-2017,01-03-2017,28-02-2017,2,6
738,124,Completed,28-02-2017,01-03-2017,03-03-2017,1,2
739,49,Completed,28-02-2017,01-03-2017,02-03-2017,2,6
740,1113,Completed,28-02-2017,01-03-2017,02-03-2017,2,6
741,119,Completed,28-02-2017,01-03-2017,01-03-2017,3,8
742,433,Completed,28-02-2017,01-03-2017,01-03-2017,3,9
743,137,Completed,01-03-2017,04-03-2017,04-03-2017,2,6
744,166,Completed,01-03-2017,02-03-2017,02-03-2017,2,7
745,698,Completed,01-03-2017,03-03-2017,03-03-2017,2,7
746,391,Completed,02-03-2017,04-03-2017,05-03-2017,1,3
747,87,Completed,03-03-2017,04-03-2017,05-03-2017,1,3
748,1072,Completed,03-03-2017,05-03-2017,04-03-2017,3,8
749,255,Completed,04-03-2017,07-03-2017,05-03-2017,2,7
750,232,Completed,04-03-2017,07-03-2017,05-03-2017,3,8
751,731,Completed,05-03-2017,08-03-2017,07-03-2017,1,3
752,335,Completed,05-03-2017,06-03-2017,07-03-2017,2,6
753,1201,Completed,05-03-2017,08-03-2017,08-03-2017,2,7
754,646,Completed,06-03-2017,07-03-2017,08-03-2017,1,2
755,531,Completed,06-03-2017,07-03-2017,07-03-2017,2,6
756,1143,Completed,06-03-2017,07-03-2017,09-03-2017,2,6
757,1336,Completed,06-03-2017,08-03-2017,09-03-2017,2,7
758,953,Completed,06-03-2017,08-03-2017,07-03-2017,3,9
759,284,Completed,07-03-2017,09-03-2017,08-03-2017,2,7
760,1104,Completed,07-03-2017,10-03-2017,10-03-2017,2,6
761,1291,Completed,07-03-2017,08-03-2017,10-03-2017,2,7
762,572,Completed,08-03-2017,09-03-2017,09-03-2017,2,6
763,842,Completed,08-03-2017,10-03-2017,09-03-2017,3,9
764,701,Completed,09-03-2017,10-03-2017,12-03-2017,1,2
765,1152,Completed,09-03-2017,11-03-2017,12-03-2017,1,2
766,141,Completed,09-03-2017,11-03-2017,12-03-2017,2,6
767,564,Completed,09-03-2017,10-03-2017,11-03-2017,2,7
768,841,Completed,09-03-2017,12-03-2017,10-03-2017,2,7
769,946,Completed,09-03-2017,11-03-2017,11-03-2017,2,6
770,135,Completed,09-03-2017,11-03-2017,11-03-2017,3,9
771,671,Completed,11-03-2017,14-03-2017,12-03-2017,1,3
772,448,Completed,11-03-2017,12-03-2017,13-03-2017,2,7
773,1385,Completed,11-03-2017,12-03-2017,12-03-2017,2,6
774,690,Completed,12-03-2017,14-03-2017,14-03-2017,2,6
775,968,Completed,12-03-2017,13-03-2017,13-03-2017,2,6
776,490,Completed,13-03-2017,15-03-2017,16-03-2017,2,6
777,496,Completed,13-03-2017,16-03-2017,16-03-2017,2,6
778,56,Rejected,15-03-2017,15-03-2017,Pending,3,9
779,367,Completed,15-03-2017,16-03-2017,18-03-2017,2,6
780,592,Completed,15-03-2017,17-03-2017,17-03-2017,2,6
781,1018,Completed,15-03-2017,16-03-2017,17-03-2017,2,6
782,1298,Completed,15-03-2017,16-03-2017,18-03-2017,2,7
783,1343,Completed,16-03-2017,19-03-2017,17-03-2017,1,2
784,430,Completed,16-03-2017,19-03-2017,19-03-2017,2,7
785,794,Completed,18-03-2017,19-03-2017,20-03-2017,1,2
786,249,Completed,18-03-2017,20-03-2017,19-03-2017,2,6
787,700,Completed,18-03-2017,20-03-2017,19-03-2017,3,9
788,1363,Completed,18-03-2017,20-03-2017,20-03-2017,3,9
789,772,Completed,19-03-2017,20-03-2017,20-03-2017,2,6
790,1015,Completed,19-03-2017,21-03-2017,22-03-2017,2,7
791,432,Completed,20-03-2017,22-03-2017,23-03-2017,2,6
792,479,Completed,22-03-2017,23-03-2017,24-03-2017,2,6
793,653,Completed,23-03-2017,24-03-2017,24-03-2017,2,6
794,863,Completed,23-03-2017,25-03-2017,24-03-2017,2,7
795,992,Completed,23-03-2017,25-03-2017,26-03-2017,2,7
796,154,Completed,23-03-2017,26-03-2017,25-03-2017,3,9
797,374,Completed,24-03-2017,26-03-2017,26-03-2017,2,7
798,619,Completed,26-03-2017,28-03-2017,29-03-2017,1,3
799,607,Completed,27-03-2017,28-03-2017,29-03-2017,1,3
800,1057,Completed,27-03-2017,29-03-2017,28-03-2017,2,6
801,78,Completed,28-03-2017,29-03-2017,30-03-2017,1,2
802,340,Completed,28-03-2017,29-03-2017,30-03-2017,2,6
803,1105,Completed,28-03-2017,31-03-2017,30-03-2017,3,8
804,95,Completed,29-03-2017,31-03-2017,30-03-2017,2,6
805,420,Completed,29-03-2017,30-03-2017,01-04-2017,2,6
806,234,Completed,30-03-2017,31-03-2017,31-03-2017,2,7
807,1148,Completed,30-03-2017,01-04-2017,02-04-2017,2,6
808,315,Completed,31-03-2017,02-04-2017,02-04-2017,2,6
809,1222,Completed,31-03-2017,03-04-2017,03-04-2017,2,7
810,153,Rejected,01-04-2017,01-04-2017,Pending,3,8
811,524,Completed,01-04-2017,04-04-2017,04-04-2017,2,7
812,1164,Completed,01-04-2017,02-04-2017,03-04-2017,2,7
813,1203,Completed,01-04-2017,03-04-2017,02-04-2017,3,9
814,629,Completed,02-04-2017,05-04-2017,03-04-2017,2,7
815,1251,Completed,03-04-2017,05-04-2017,04-04-2017,1,3
816,811,Completed,03-04-2017,05-04-2017,05-04-2017,2,6
817,301,Completed,04-04-2017,05-04-2017,07-04-2017,2,7
818,1319,Completed,04-04-2017,07-04-2017,07-04-2017,2,6
819,221,Completed,04-04-2017,07-04-2017,05-04-2017,3,9
820,725,Completed,05-04-2017,08-04-2017,07-04-2017,2,7
821,1181,Completed,05-04-2017,07-04-2017,08-04-2017,2,7
822,294,Completed,06-04-2017,08-04-2017,09-04-2017,2,7
823,415,Completed,06-04-2017,07-04-2017,08-04-2017,3,8
824,993,Completed,07-04-2017,09-04-2017,10-04-2017,1,2
825,10,Completed,07-04-2017,08-04-2017,09-04-2017,2,7
826,45,Completed,07-04-2017,10-04-2017,10-04-2017,2,6
827,666,Completed,07-04-2017,10-04-2017,10-04-2017,2,7
828,246,Completed,09-04-2017,10-04-2017,12-04-2017,2,6
829,674,Completed,09-04-2017,10-04-2017,10-04-2017,2,7
830,431,Completed,11-04-2017,14-04-2017,12-04-2017,2,6
831,1000,Completed,11-04-2017,12-04-2017,12-04-2017,2,7
832,1215,Completed,11-04-2017,12-04-2017,12-04-2017,2,7
833,406,Completed,12-04-2017,14-04-2017,15-04-2017,2,7
834,890,Completed,12-04-2017,13-04-2017,15-04-2017,2,6
835,940,Completed,13-04-2017,15-04-2017,14-04-2017,1,2
836,455,Completed,13-04-2017,16-04-2017,14-04-2017,2,6
837,948,Completed,13-04-2017,16-04-2017,14-04-2017,2,7
838,1395,Completed,14-04-2017,17-04-2017,15-04-2017,2,7
839,1332,Completed,15-04-2017,18-04-2017,16-04-2017,1,3
840,372,Completed,15-04-2017,16-04-2017,16-04-2017,2,6
841,428,Completed,15-04-2017,18-04-2017,17-04-2017,2,7
842,1133,Completed,15-04-2017,18-04-2017,16-04-2017,2,6
843,1059,Completed,16-04-2017,17-04-2017,19-04-2017,2,7
844,1436,Completed,16-04-2017,17-04-2017,18-04-2017,2,6
845,662,Completed,17-04-2017,18-04-2017,18-04-2017,2,7
846,715,Completed,17-04-2017,19-04-2017,19-04-2017,2,6
847,329,Completed,18-04-2017,19-04-2017,19-04-2017,2,7
848,597,Completed,18-04-2017,20-04-2017,20-04-2017,2,7
849,776,Completed,19-04-2017,20-04-2017,21-04-2017,1,2
850,1346,Completed,19-04-2017,22-04-2017,22-04-2017,1,3
851,1139,Completed,20-04-2017,21-04-2017,22-04-2017,2,6
852,13,Completed,21-04-2017,23-04-2017,22-04-2017,3,9
853,883,Completed,21-04-2017,24-04-2017,24-04-2017,3,8
854,177,Completed,22-04-2017,25-04-2017,23-04-2017,2,6
855,775,Completed,22-04-2017,23-04-2017,25-04-2017,2,6
856,477,Completed,23-04-2017,25-04-2017,26-04-2017,2,6
857,1402,Completed,24-04-2017,25-04-2017,26-04-2017,2,7
858,162,Completed,25-04-2017,27-04-2017,28-04-2017,2,6
859,644,Completed,25-04-2017,26-04-2017,26-04-2017,2,6
860,473,Completed,27-04-2017,29-04-2017,28-04-2017,2,7
861,1177,Completed,27-04-2017,29-04-2017,30-04-2017,2,7
862,1230,Completed,27-04-2017,30-04-2017,29-04-2017,3,8
863,446,Completed,28-04-2017,30-04-2017,01-05-2017,2,7
864,902,Completed,28-04-2017,30-04-2017,29-04-2017,2,6
865,974,Completed,29-04-2017,02-05-2017,01-05-2017,2,6
866,1410,Completed,29-04-2017,30-04-2017,01-05-2017,2,6
867,97,Completed,01-05-2017,03-05-2017,02-05-2017,1,3
868,868,Completed,01-05-2017,04-05-2017,02-05-2017,1,3
869,844,Completed,01-05-2017,04-05-2017,02-05-2017,2,7
870,1416,Completed,01-05-2017,04-05-2017,02-05-2017,2,6
871,358,Completed,02-05-2017,04-05-2017,03-05-2017,2,7
872,394,Completed,03-05-2017,06-05-2017,06-05-2017,1,3
873,829,Completed,03-05-2017,05-05-2017,05-05-2017,2,7
874,661,Completed,04-05-2017,05-05-2017,06-05-2017,2,7
875,386,Completed,05-05-2017,06-05-2017,08-05-2017,1,3
876,1046,Completed,05-05-2017,08-05-2017,06-05-2017,2,7
877,784,Completed,06-05-2017,07-05-2017,08-05-2017,2,6
878,224,Completed,07-05-2017,10-05-2017,09-05-2017,1,3
879,214,Completed,08-05-2017,09-05-2017,09-05-2017,2,7
880,1206,Completed,08-05-2017,11-05-2017,10-05-2017,2,6
881,1024,Completed,08-05-2017,11-05-2017,11-05-2017,3,9
882,196,Completed,09-05-2017,12-05-2017,10-05-2017,2,6
883,507,Completed,11-05-2017,13-05-2017,14-05-2017,2,6
884,871,Completed,11-05-2017,13-05-2017,12-05-2017,2,7
885,66,Rejected,13-05-2017,13-05-2017,Pending,3,8
886,1396,Completed,13-05-2017,14-05-2017,15-05-2017,1,2
887,1195,Completed,13-05-2017,15-05-2017,15-05-2017,2,6
888,1038,Completed,14-05-2017,16-05-2017,16-05-2017,2,7
889,830,Completed,14-05-2017,17-05-2017,15-05-2017,3,8
890,171,Completed,15-05-2017,18-05-2017,18-05-2017,2,6
891,384,Completed,15-05-2017,18-05-2017,16-05-2017,2,6
892,651,Completed,15-05-2017,18-05-2017,17-05-2017,2,7
893,1293,Completed,16-05-2017,19-05-2017,19-05-2017,2,7
894,1320,Completed,16-05-2017,19-05-2017,19-05-2017,2,6
895,857,Completed,18-05-2017,21-05-2017,19-05-2017,2,6
896,376,Completed,19-05-2017,22-05-2017,21-05-2017,3,9
897,47,Completed,20-05-2017,21-05-2017,21-05-2017,1,2
898,352,Completed,20-05-2017,21-05-2017,22-05-2017,2,6
899,605,Completed,20-05-2017,21-05-2017,21-05-2017,2,7
900,971,Completed,20-05-2017,21-05-2017,22-05-2017,2,6
901,345,Completed,21-05-2017,22-05-2017,24-05-2017,2,7
902,1278,Completed,21-05-2017,24-05-2017,22-05-2017,2,6
903,179,Completed,22-05-2017,23-05-2017,24-05-2017,2,7
904,1020,Completed,23-05-2017,26-05-2017,24-05-2017,1,2
905,609,Completed,23-05-2017,26-05-2017,24-05-2017,2,6
906,877,Completed,23-05-2017,26-05-2017,26-05-2017,2,7
907,120,Completed,24-05-2017,26-05-2017,27-05-2017,1,2
908,402,Completed,25-05-2017,28-05-2017,27-05-2017,2,7
909,188,Completed,26-05-2017,27-05-2017,28-05-2017,1,2
910,342,Completed,26-05-2017,28-05-2017,28-05-2017,2,7
911,887,Completed,26-05-2017,29-05-2017,29-05-2017,2,6
912,519,Completed,27-05-2017,29-05-2017,29-05-2017,1,2
913,699,Completed,27-05-2017,29-05-2017,29-05-2017,2,6
914,1068,Completed,28-05-2017,31-05-2017,31-05-2017,1,2
915,215,Completed,28-05-2017,30-05-2017,30-05-2017,2,6
916,718,Completed,28-05-2017,29-05-2017,29-05-2017,2,6
917,881,Completed,29-05-2017,31-05-2017,01-06-2017,1,2
918,242,Completed,30-05-2017,31-05-2017,31-05-2017,1,3
919,781,Completed,30-05-2017,31-05-2017,31-05-2017,2,7
920,966,Completed,30-05-2017,01-06-2017,02-06-2017,2,7
921,628,Completed,31-05-2017,02-06-2017,02-06-2017,2,6
922,656,Completed,31-05-2017,01-06-2017,03-06-2017,2,6
923,769,Completed,31-05-2017,03-06-2017,02-06-2017,2,7
924,68,Rejected,02-06-2017,02-06-2017,Pending,3,8
925,1316,Completed,02-06-2017,05-06-2017,03-06-2017,2,7
926,233,Completed,03-06-2017,05-06-2017,06-06-2017,1,2
927,1438,Completed,03-06-2017,05-06-2017,06-06-2017,1,2
928,957,Completed,05-06-2017,06-06-2017,06-06-2017,1,3
929,472,Completed,05-06-2017,06-06-2017,08-06-2017,2,6
930,1224,Completed,05-06-2017,06-06-2017,06-06-2017,3,9
931,631,Completed,07-06-2017,08-06-2017,08-06-2017,2,6
932,804,Completed,07-06-2017,08-06-2017,09-06-2017,2,6
933,909,Completed,07-06-2017,10-06-2017,08-06-2017,2,6
934,93,Completed,09-06-2017,10-06-2017,12-06-2017,2,7
935,43,Rejected,10-06-2017,10-06-2017,Pending,3,8
936,265,Completed,10-06-2017,13-06-2017,12-06-2017,2,6
937,73,Completed,11-06-2017,14-06-2017,13-06-2017,2,7
938,129,Completed,11-06-2017,12-06-2017,12-06-2017,2,6
939,1407,Completed,11-06-2017,12-06-2017,14-06-2017,2,6
940,585,Completed,12-06-2017,14-06-2017,13-06-2017,1,2
941,736,Completed,12-06-2017,14-06-2017,14-06-2017,1,2
942,537,Completed,13-06-2017,16-06-2017,15-06-2017,2,6
943,1025,Completed,13-06-2017,15-06-2017,15-06-2017,2,6
944,138,Completed,14-06-2017,15-06-2017,17-06-2017,1,3
945,167,Completed,14-06-2017,15-06-2017,16-06-2017,2,7
946,525,Completed,14-06-2017,16-06-2017,15-06-2017,2,6
947,278,Completed,15-06-2017,18-06-2017,17-06-2017,1,3
948,618,Completed,15-06-2017,17-06-2017,17-06-2017,2,6
949,867,Completed,16-06-2017,18-06-2017,17-06-2017,1,3
950,142,Completed,16-06-2017,19-06-2017,18-06-2017,2,6
951,339,Completed,16-06-2017,19-06-2017,19-06-2017,2,7
952,355,Completed,16-06-2017,18-06-2017,18-06-2017,2,7
953,658,Completed,16-06-2017,18-06-2017,17-06-2017,2,7
954,611,Completed,17-06-2017,20-06-2017,20-06-2017,2,6
955,880,Completed,17-06-2017,19-06-2017,18-06-2017,2,6
956,1184,Completed,17-06-2017,19-06-2017,20-06-2017,2,6
957,722,Completed,17-06-2017,20-06-2017,20-06-2017,3,9
958,1276,Completed,18-06-2017,20-06-2017,19-06-2017,1,2
959,650,Completed,18-06-2017,21-06-2017,21-06-2017,2,7
960,1390,Completed,18-06-2017,19-06-2017,19-06-2017,2,7
961,82,Completed,19-06-2017,21-06-2017,22-06-2017,1,2
962,570,Completed,19-06-2017,22-06-2017,20-06-2017,2,7
963,1432,Completed,19-06-2017,21-06-2017,21-06-2017,2,6
964,404,Completed,20-06-2017,22-06-2017,22-06-2017,2,7
965,457,Completed,20-06-2017,22-06-2017,23-06-2017,2,6
966,389,Completed,20-06-2017,22-06-2017,22-06-2017,3,8
967,1323,Completed,21-06-2017,24-06-2017,24-06-2017,2,6
968,1403,Completed,21-06-2017,23-06-2017,23-06-2017,2,6
969,248,Completed,21-06-2017,24-06-2017,22-06-2017,3,9
970,836,Completed,22-06-2017,25-06-2017,23-06-2017,2,7
971,1426,Completed,22-06-2017,23-06-2017,24-06-2017,3,8
972,270,Completed,23-06-2017,24-06-2017,25-06-2017,2,7
973,238,Completed,24-06-2017,27-06-2017,27-06-2017,2,6
974,511,Completed,24-06-2017,27-06-2017,27-06-2017,3,8
975,1092,Completed,25-06-2017,27-06-2017,28-06-2017,2,6
976,1266,Completed,25-06-2017,28-06-2017,27-06-2017,3,9
977,400,Completed,26-06-2017,28-06-2017,27-06-2017,2,7
978,1123,Completed,26-06-2017,28-06-2017,27-06-2017,2,6
979,1190,Completed,26-06-2017,29-06-2017,27-06-2017,2,6
980,328,Completed,26-06-2017,28-06-2017,27-06-2017,3,9
981,687,Completed,26-06-2017,29-06-2017,28-06-2017,3,8
982,1423,Completed,26-06-2017,29-06-2017,28-06-2017,3,9
983,1158,Completed,27-06-2017,28-06-2017,29-06-2017,2,6
984,1287,Completed,27-06-2017,28-06-2017,29-06-2017,2,7
985,461,Completed,30-06-2017,02-07-2017,01-07-2017,2,6
986,556,Completed,30-06-2017,03-07-2017,01-07-2017,2,7
987,172,Completed,02-07-2017,04-07-2017,04-07-2017,1,2
988,436,Completed,02-07-2017,04-07-2017,05-07-2017,2,6
989,1145,Completed,02-07-2017,04-07-2017,03-07-2017,2,6
990,706,Completed,04-07-2017,07-07-2017,07-07-2017,2,7
991,751,Completed,06-07-2017,07-07-2017,09-07-2017,1,2
992,723,Completed,07-07-2017,10-07-2017,09-07-2017,2,7
993,1415,Completed,09-07-2017,11-07-2017,11-07-2017,1,3
994,419,Completed,09-07-2017,11-07-2017,11-07-2017,2,7
995,621,Completed,11-07-2017,13-07-2017,14-07-2017,1,2
996,915,Completed,11-07-2017,12-07-2017,12-07-2017,1,2
997,485,Completed,11-07-2017,13-07-2017,14-07-2017,2,7
998,219,Completed,12-07-2017,13-07-2017,14-07-2017,2,7
999,590,Completed,12-07-2017,13-07-2017,14-07-2017,2,6
1000,645,Completed,12-07-2017,14-07-2017,15-07-2017,2,7
1001,354,Completed,13-07-2017,16-07-2017,15-07-2017,2,6
1002,1418,Completed,14-07-2017,16-07-2017,16-07-2017,1,3
1003,503,Completed,14-07-2017,16-07-2017,16-07-2017,2,7
1004,1389,Completed,14-07-2017,17-07-2017,16-07-2017,2,6
1005,266,Completed,15-07-2017,17-07-2017,16-07-2017,2,7
1006,1070,Completed,15-07-2017,18-07-2017,17-07-2017,2,7
1007,1115,Completed,16-07-2017,17-07-2017,17-07-2017,2,6
1008,1345,Completed,16-07-2017,18-07-2017,18-07-2017,2,6
1009,1064,Completed,16-07-2017,19-07-2017,19-07-2017,3,8
1010,8,Rejected,18-07-2017,18-07-2017,Pending,2,7
1011,495,Completed,18-07-2017,21-07-2017,21-07-2017,1,3
1012,620,Completed,18-07-2017,20-07-2017,20-07-2017,2,7
1013,174,Completed,19-07-2017,22-07-2017,21-07-2017,2,6
1014,748,Completed,19-07-2017,21-07-2017,21-07-2017,2,6
1015,799,Completed,19-07-2017,22-07-2017,21-07-2017,2,7
1016,1417,Completed,19-07-2017,20-07-2017,21-07-2017,3,9
1017,168,Completed,20-07-2017,21-07-2017,23-07-2017,2,6
1018,290,Completed,22-07-2017,23-07-2017,23-07-2017,2,6
1019,408,Completed,22-07-2017,23-07-2017,24-07-2017,2,7
1020,16,Rejected,23-07-2017,23-07-2017,Pending,2,6
1021,125,Completed,23-07-2017,24-07-2017,26-07-2017,2,6
1022,353,Completed,23-07-2017,26-07-2017,24-07-2017,2,7
1023,356,Completed,23-07-2017,26-07-2017,25-07-2017,2,6
1024,837,Completed,23-07-2017,25-07-2017,26-07-2017,2,7
1025,1304,Completed,23-07-2017,26-07-2017,26-07-2017,2,6
1026,1370,Completed,26-07-2017,28-07-2017,29-07-2017,1,2
1027,588,Completed,26-07-2017,28-07-2017,28-07-2017,2,6
1028,1273,Completed,27-07-2017,28-07-2017,30-07-2017,2,7
1029,407,Completed,29-07-2017,30-07-2017,01-08-2017,1,3
1030,161,Completed,29-07-2017,30-07-2017,31-07-2017,2,6
1031,1308,Completed,30-07-2017,01-08-2017,02-08-2017,1,2
1032,429,Completed,30-07-2017,02-08-2017,01-08-2017,2,6
1033,582,Completed,30-07-2017,31-07-2017,02-08-2017,2,7
1034,895,Completed,30-07-2017,31-07-2017,31-07-2017,2,7
1035,1283,Completed,30-07-2017,02-08-2017,02-08-2017,2,6
1036,1442,Completed,30-07-2017,01-08-2017,31-07-2017,2,6
1037,1229,Completed,31-07-2017,02-08-2017,03-08-2017,2,6
1038,1281,Completed,31-07-2017,01-08-2017,03-08-2017,2,7
1039,1077,Completed,02-08-2017,04-08-2017,03-08-2017,2,7
1040,1225,Completed,04-08-2017,07-08-2017,05-08-2017,1,2
1041,70,Completed,04-08-2017,06-08-2017,05-08-2017,2,7
1042,539,Completed,06-08-2017,07-08-2017,07-08-2017,2,7
1043,1235,Completed,06-08-2017,09-08-2017,08-08-2017,2,6
1044,1270,Completed,07-08-2017,10-08-2017,08-08-2017,2,7
1045,185,Completed,07-08-2017,09-08-2017,10-08-2017,3,9
1046,1134,Completed,07-08-2017,09-08-2017,08-08-2017,3,8
1047,116,Rejected,08-08-2017,08-08-2017,Pending,3,8
1048,777,Completed,08-08-2017,10-08-2017,09-08-2017,2,7
1049,194,Completed,09-08-2017,11-08-2017,10-08-2017,1,2
1050,239,Completed,09-08-2017,12-08-2017,12-08-2017,1,3
1051,209,Completed,10-08-2017,11-08-2017,11-08-2017,2,7
1052,460,Completed,10-08-2017,12-08-2017,13-08-2017,2,6
1053,1439,Completed,10-08-2017,11-08-2017,12-08-2017,2,6
1054,189,Completed,11-08-2017,12-08-2017,12-08-2017,2,7
1055,140,Completed,12-08-2017,15-08-2017,15-08-2017,2,6
1056,325,Completed,12-08-2017,15-08-2017,13-08-2017,2,7
1057,456,Completed,12-08-2017,15-08-2017,13-08-2017,2,7
1058,782,Completed,13-08-2017,16-08-2017,14-08-2017,2,6
1059,6,Completed,14-08-2017,17-08-2017,17-08-2017,2,7
1060,182,Completed,15-08-2017,18-08-2017,17-08-2017,2,6
1061,655,Completed,15-08-2017,18-08-2017,18-08-2017,2,7
1062,1210,Completed,15-08-2017,17-08-2017,18-08-2017,2,6
1063,198,Completed,16-08-2017,19-08-2017,19-08-2017,3,8
1064,898,Completed,16-08-2017,18-08-2017,19-08-2017,3,9
1065,25,Completed,17-08-2017,19-08-2017,19-08-2017,2,7
1066,106,Completed,17-08-2017,20-08-2017,19-08-2017,2,7
1067,225,Completed,17-08-2017,19-08-2017,19-08-2017,2,7
1068,453,Completed,17-08-2017,20-08-2017,19-08-2017,2,7
1069,493,Completed,17-08-2017,19-08-2017,18-08-2017,2,6
1070,596,Completed,17-08-2017,20-08-2017,18-08-2017,2,7
1071,602,Completed,17-08-2017,20-08-2017,18-08-2017,3,8
1072,47,Rejected,18-08-2017,18-08-2017,Pending,1,3
1073,911,Completed,18-08-2017,19-08-2017,21-08-2017,2,7
1074,11,Rejected,19-08-2017,19-08-2017,Pending,2,6
1075,1003,Completed,19-08-2017,21-08-2017,22-08-2017,1,3
1076,42,Completed,19-08-2017,22-08-2017,22-08-2017,2,6
1077,412,Completed,19-08-2017,20-08-2017,21-08-2017,2,6
1078,793,Completed,19-08-2017,21-08-2017,20-08-2017,2,6
1079,812,Completed,19-08-2017,20-08-2017,20-08-2017,2,7
1080,1086,Completed,19-08-2017,20-08-2017,20-08-2017,2,7
1081,1106,Completed,19-08-2017,22-08-2017,22-08-2017,2,6
1082,1327,Completed,20-08-2017,22-08-2017,21-08-2017,2,6
1083,1372,Completed,20-08-2017,23-08-2017,23-08-2017,2,6
1084,2,Completed,21-08-2017,24-08-2017,23-08-2017,1,2
1085,305,Completed,21-08-2017,23-08-2017,23-08-2017,1,3
1086,220,Completed,21-08-2017,23-08-2017,24-08-2017,2,7
1087,675,Completed,22-08-2017,23-08-2017,25-08-2017,3,8
1088,1160,Completed,22-08-2017,23-08-2017,23-08-2017,3,8
1089,46,Rejected,23-08-2017,23-08-2017,Pending,1,2
1090,1427,Completed,24-08-2017,26-08-2017,26-08-2017,1,2
1091,1260,Completed,24-08-2017,25-08-2017,25-08-2017,2,7
1092,40,Completed,25-08-2017,28-08-2017,27-08-2017,1,2
1093,326,Completed,25-08-2017,28-08-2017,26-08-2017,1,3
1094,828,Completed,25-08-2017,27-08-2017,28-08-2017,2,6
1095,1382,Completed,26-08-2017,28-08-2017,27-08-2017,3,9
1096,589,Completed,27-08-2017,29-08-2017,29-08-2017,1,2
1097,1311,Completed,27-08-2017,30-08-2017,28-08-2017,2,6
1098,752,Completed,28-08-2017,30-08-2017,30-08-2017,1,2
1099,1128,Completed,28-08-2017,29-08-2017,30-08-2017,2,6
1100,1392,Completed,28-08-2017,29-08-2017,29-08-2017,2,7
1101,379,Completed,29-08-2017,30-08-2017,30-08-2017,2,7
1102,1317,Completed,29-08-2017,31-08-2017,31-08-2017,2,6
1103,1394,Completed,31-08-2017,02-09-2017,02-09-2017,2,7
1104,268,Completed,01-09-2017,04-09-2017,03-09-2017,2,6
1105,747,Completed,01-09-2017,04-09-2017,03-09-2017,3,8
1106,1009,Completed,02-09-2017,04-09-2017,04-09-2017,2,6
1107,1424,Completed,02-09-2017,05-09-2017,05-09-2017,2,7
1108,735,Completed,03-09-2017,05-09-2017,04-09-2017,1,3
1109,23,Completed,03-09-2017,04-09-2017,04-09-2017,2,6
1110,912,Completed,04-09-2017,07-09-2017,07-09-2017,2,6
1111,930,Completed,04-09-2017,06-09-2017,05-09-2017,2,6
1112,798,Completed,05-09-2017,08-09-2017,07-09-2017,2,7
1113,388,Completed,06-09-2017,08-09-2017,07-09-2017,2,7
1114,1036,Completed,06-09-2017,08-09-2017,08-09-2017,2,6
1115,1100,Completed,07-09-2017,09-09-2017,09-09-2017,2,6
1116,52,Completed,08-09-2017,10-09-2017,10-09-2017,2,7
1117,334,Completed,08-09-2017,10-09-2017,10-09-2017,2,6
1118,1023,Completed,08-09-2017,11-09-2017,11-09-2017,2,6
1119,749,Completed,10-09-2017,12-09-2017,13-09-2017,1,2
1120,1269,Completed,10-09-2017,12-09-2017,13-09-2017,2,7
1121,143,Completed,11-09-2017,13-09-2017,12-09-2017,2,7
1122,1132,Completed,12-09-2017,14-09-2017,14-09-2017,2,6
1123,598,Completed,13-09-2017,14-09-2017,14-09-2017,2,7
1124,275,Completed,13-09-2017,14-09-2017,16-09-2017,3,9
1125,945,Completed,14-09-2017,15-09-2017,15-09-2017,2,7
1126,1213,Completed,14-09-2017,16-09-2017,15-09-2017,3,8
1127,494,Completed,15-09-2017,16-09-2017,16-09-2017,2,7
1128,936,Completed,15-09-2017,17-09-2017,16-09-2017,2,6
1129,663,Completed,17-09-2017,18-09-2017,20-09-2017,2,6
1130,69,Completed,18-09-2017,20-09-2017,20-09-2017,1,3
1131,1178,Completed,18-09-2017,20-09-2017,19-09-2017,1,3
1132,351,Completed,19-09-2017,20-09-2017,20-09-2017,2,6
1133,517,Completed,19-09-2017,21-09-2017,21-09-2017,2,7
1134,978,Completed,19-09-2017,22-09-2017,20-09-2017,2,6
1135,1347,Completed,19-09-2017,21-09-2017,20-09-2017,2,6
1136,1050,Completed,20-09-2017,21-09-2017,21-09-2017,2,6
1137,810,Completed,20-09-2017,23-09-2017,23-09-2017,3,8
1138,254,Completed,21-09-2017,23-09-2017,22-09-2017,1,2
1139,1006,Completed,21-09-2017,22-09-2017,23-09-2017,1,2
1140,1063,Completed,21-09-2017,22-09-2017,22-09-2017,3,8
1141,1076,Completed,22-09-2017,23-09-2017,24-09-2017,1,2
1142,554,Completed,23-09-2017,26-09-2017,26-09-2017,1,3
1143,1087,Completed,24-09-2017,26-09-2017,27-09-2017,1,2
1144,1414,Completed,24-09-2017,27-09-2017,27-09-2017,2,7
1145,617,Completed,25-09-2017,27-09-2017,26-09-2017,2,6
1146,757,Completed,25-09-2017,26-09-2017,28-09-2017,2,7
1147,1344,Completed,25-09-2017,26-09-2017,27-09-2017,2,6
1148,1379,Completed,25-09-2017,26-09-2017,27-09-2017,2,7
1149,787,Completed,27-09-2017,30-09-2017,30-09-2017,2,7
1150,1183,Completed,28-09-2017,01-10-2017,30-09-2017,2,7
1151,708,Completed,29-09-2017,30-09-2017,30-09-2017,1,3
1152,1244,Completed,29-09-2017,02-10-2017,01-10-2017,2,6
1153,720,Completed,30-09-2017,03-10-2017,03-10-2017,2,7
1154,789,Completed,30-09-2017,03-10-2017,03-10-2017,2,7
1155,865,Completed,30-09-2017,01-10-2017,01-10-2017,2,7
1156,869,Completed,30-09-2017,03-10-2017,03-10-2017,2,7
1157,24,Completed,01-10-2017,03-10-2017,04-10-2017,1,3
1158,889,Completed,01-10-2017,03-10-2017,02-10-2017,1,2
1159,1221,Completed,01-10-2017,02-10-2017,03-10-2017,1,3
1160,1262,Completed,01-10-2017,02-10-2017,04-10-2017,1,2
1161,41,Completed,01-10-2017,04-10-2017,02-10-2017,2,7
1162,888,Completed,01-10-2017,03-10-2017,03-10-2017,2,6
1163,934,Completed,01-10-2017,02-10-2017,02-10-2017,2,6
1164,1067,Completed,01-10-2017,02-10-2017,03-10-2017,2,6
1165,652,Completed,02-10-2017,03-10-2017,05-10-2017,2,7
1166,286,Completed,03-10-2017,04-10-2017,04-10-2017,2,7
1167,900,Completed,04-10-2017,07-10-2017,06-10-2017,1,2
1168,1031,Completed,04-10-2017,05-10-2017,06-10-2017,2,6
1169,1421,Completed,04-10-2017,06-10-2017,07-10-2017,2,7
1170,534,Completed,05-10-2017,07-10-2017,06-10-2017,2,6
1171,826,Completed,05-10-2017,06-10-2017,08-10-2017,2,6
1172,1339,Completed,07-10-2017,10-10-2017,09-10-2017,2,7
1173,548,Completed,08-10-2017,10-10-2017,09-10-2017,2,7
1174,1109,Completed,08-10-2017,10-10-2017,11-10-2017,2,6
1175,292,Completed,09-10-2017,11-10-2017,12-10-2017,2,6
1176,1111,Completed,10-10-2017,13-10-2017,11-10-2017,3,9
1177,21,Rejected,12-10-2017,12-10-2017,Pending,3,9
1178,771,Completed,12-10-2017,15-10-2017,13-10-2017,2,6
1179,1150,Completed,12-10-2017,15-10-2017,15-10-2017,3,9
1180,1065,Completed,13-10-2017,16-10-2017,16-10-2017,1,3
1181,1022,Completed,13-10-2017,16-10-2017,15-10-2017,2,7
1182,1422,Completed,13-10-2017,14-10-2017,16-10-2017,2,7
1183,216,Completed,14-10-2017,17-10-2017,17-10-2017,2,6
1184,369,Completed,14-10-2017,15-10-2017,16-10-2017,2,6
1185,960,Completed,14-10-2017,16-10-2017,17-10-2017,2,6
1186,1120,Completed,14-10-2017,16-10-2017,15-10-2017,2,6
1187,486,Completed,15-10-2017,18-10-2017,16-10-2017,2,6
1188,647,Completed,15-10-2017,18-10-2017,17-10-2017,2,7
1189,1090,Completed,15-10-2017,17-10-2017,18-10-2017,2,6
1190,34,Completed,16-10-2017,19-10-2017,17-10-2017,2,6
1191,186,Completed,17-10-2017,18-10-2017,18-10-2017,2,6
1192,1114,Completed,17-10-2017,19-10-2017,18-10-2017,2,6
1193,1412,Completed,17-10-2017,19-10-2017,19-10-2017,2,7
1194,192,Completed,19-10-2017,22-10-2017,22-10-2017,1,2
1195,229,Completed,19-10-2017,21-10-2017,21-10-2017,2,7
1196,508,Completed,19-10-2017,21-10-2017,20-10-2017,2,6
1197,269,Completed,21-10-2017,23-10-2017,23-10-2017,2,6
1198,1289,Completed,22-10-2017,24-10-2017,24-10-2017,2,7
1199,318,Completed,23-10-2017,24-10-2017,26-10-2017,1,2
1200,48,Completed,23-10-2017,25-10-2017,26-10-2017,2,6
1201,201,Completed,23-10-2017,24-10-2017,24-10-2017,2,6
1202,593,Completed,24-10-2017,25-10-2017,25-10-2017,2,6
1203,1191,Completed,25-10-2017,27-10-2017,26-10-2017,2,7
1204,1277,Completed,25-10-2017,28-10-2017,28-10-2017,2,6
1205,1091,Completed,26-10-2017,28-10-2017,28-10-2017,1,2
1206,222,Completed,26-10-2017,29-10-2017,29-10-2017,2,6
1207,1002,Completed,26-10-2017,28-10-2017,27-10-2017,2,6
1208,1226,Completed,26-10-2017,28-10-2017,27-10-2017,2,7
1209,1342,Completed,26-10-2017,27-10-2017,29-10-2017,2,7
1210,730,Completed,26-10-2017,27-10-2017,29-10-2017,3,8
1211,19,Completed,27-10-2017,28-10-2017,29-10-2017,2,7
1212,213,Completed,27-10-2017,30-10-2017,29-10-2017,2,6
1213,669,Completed,27-10-2017,29-10-2017,29-10-2017,3,9
1214,783,Completed,28-10-2017,29-10-2017,29-10-2017,2,6
1215,807,Completed,28-10-2017,31-10-2017,30-10-2017,2,7
1216,886,Completed,28-10-2017,30-10-2017,29-10-2017,2,7
1217,1155,Completed,28-10-2017,31-10-2017,30-10-2017,2,7
1218,1017,Completed,30-10-2017,01-11-2017,31-10-2017,1,2
1219,840,Completed,30-10-2017,02-11-2017,02-11-2017,2,7
1220,803,Completed,31-10-2017,03-11-2017,03-11-2017,2,6
1221,1290,Completed,31-10-2017,02-11-2017,01-11-2017,2,7
1222,482,Completed,01-11-2017,04-11-2017,03-11-2017,3,9
1223,1207,Completed,02-11-2017,03-11-2017,03-11-2017,2,6
1224,544,Completed,03-11-2017,04-11-2017,04-11-2017,2,6
1225,768,Completed,04-11-2017,05-11-2017,07-11-2017,1,2
1226,226,Completed,04-11-2017,07-11-2017,06-11-2017,2,7
1227,702,Completed,04-11-2017,07-11-2017,06-11-2017,2,6
1228,1041,Completed,04-11-2017,06-11-2017,06-11-2017,2,6
1229,89,Completed,05-11-2017,08-11-2017,06-11-2017,1,3
1230,1107,Completed,05-11-2017,06-11-2017,07-11-2017,2,6
1231,1180,Completed,05-11-2017,07-11-2017,06-11-2017,2,6
1232,665,Completed,06-11-2017,07-11-2017,09-11-2017,1,3
1233,462,Completed,06-11-2017,07-11-2017,08-11-2017,2,6
1234,19,Rejected,07-11-2017,07-11-2017,Pending,2,6
1235,210,Completed,07-11-2017,08-11-2017,09-11-2017,2,6
1236,243,Completed,08-11-2017,11-11-2017,09-11-2017,2,7
1237,571,Completed,09-11-2017,12-11-2017,11-11-2017,1,2
1238,998,Completed,09-11-2017,10-11-2017,11-11-2017,2,6
1239,1197,Completed,09-11-2017,10-11-2017,11-11-2017,2,7
1240,903,Completed,10-11-2017,11-11-2017,11-11-2017,2,7
1241,1170,Completed,10-11-2017,12-11-2017,11-11-2017,2,7
1242,303,Completed,11-11-2017,12-11-2017,12-11-2017,2,6
1243,346,Completed,11-11-2017,13-11-2017,14-11-2017,2,6
1244,333,Completed,12-11-2017,14-11-2017,13-11-2017,2,6
1245,1166,Completed,13-11-2017,16-11-2017,14-11-2017,2,7
1246,1329,Completed,13-11-2017,16-11-2017,16-11-2017,2,7
1247,426,Completed,16-11-2017,18-11-2017,17-11-2017,1,2
1248,1367,Completed,16-11-2017,17-11-2017,18-11-2017,1,3
1249,545,Completed,17-11-2017,18-11-2017,20-11-2017,2,6
1250,1188,Completed,17-11-2017,19-11-2017,18-11-2017,2,6
1251,289,Completed,17-11-2017,19-11-2017,19-11-2017,3,9
1252,110,Completed,18-11-2017,20-11-2017,21-11-2017,1,3
1253,44,Completed,18-11-2017,21-11-2017,21-11-2017,2,6
1254,1098,Completed,18-11-2017,19-11-2017,19-11-2017,2,7
1255,375,Completed,19-11-2017,20-11-2017,21-11-2017,2,6
1256,458,Completed,19-11-2017,20-11-2017,22-11-2017,2,6
1257,1136,Completed,19-11-2017,22-11-2017,20-11-2017,2,7
1258,1099,Completed,20-11-2017,21-11-2017,22-11-2017,2,7
1259,4,Rejected,21-11-2017,21-11-2017,Pending,2,7
1260,1117,Completed,22-11-2017,23-11-2017,24-11-2017,2,6
1261,435,Completed,23-11-2017,25-11-2017,24-11-2017,2,7
1262,509,Completed,23-11-2017,26-11-2017,26-11-2017,2,6
1263,1408,Completed,23-11-2017,26-11-2017,26-11-2017,2,6
1264,113,Completed,24-11-2017,27-11-2017,25-11-2017,2,6
1265,950,Completed,24-11-2017,27-11-2017,27-11-2017,2,7
1266,387,Completed,25-11-2017,28-11-2017,27-11-2017,2,6
1267,467,Completed,25-11-2017,26-11-2017,26-11-2017,2,6
1268,774,Completed,26-11-2017,28-11-2017,29-11-2017,1,3
1269,1236,Completed,26-11-2017,29-11-2017,29-11-2017,2,6
1270,1388,Completed,26-11-2017,29-11-2017,29-11-2017,2,6
1271,734,Completed,27-11-2017,30-11-2017,30-11-2017,2,6
1272,935,Completed,27-11-2017,29-11-2017,30-11-2017,2,6
1273,1268,Completed,27-11-2017,29-11-2017,29-11-2017,2,6
1274,1364,Completed,28-11-2017,29-11-2017,01-12-2017,2,7
1275,165,Completed,29-11-2017,01-12-2017,30-11-2017,1,2
1276,893,Completed,30-11-2017,03-12-2017,02-12-2017,2,6
1277,227,Completed,01-12-2017,04-12-2017,02-12-2017,2,6
1278,980,Completed,01-12-2017,02-12-2017,04-12-2017,2,7
1279,1014,Completed,01-12-2017,04-12-2017,03-12-2017,2,6
1280,123,Completed,01-12-2017,03-12-2017,03-12-2017,3,9
1281,1060,Completed,02-12-2017,05-12-2017,05-12-2017,2,6
1282,320,Completed,03-12-2017,05-12-2017,05-12-2017,2,6
1283,85,Completed,04-12-2017,07-12-2017,07-12-2017,2,7
1284,128,Completed,04-12-2017,06-12-2017,07-12-2017,2,7
1285,262,Completed,04-12-2017,07-12-2017,07-12-2017,2,7
1286,1033,Completed,04-12-2017,07-12-2017,06-12-2017,2,7
1287,279,Completed,07-12-2017,10-12-2017,09-12-2017,1,3
1288,778,Completed,07-12-2017,10-12-2017,09-12-2017,3,9
1289,1292,Completed,08-12-2017,11-12-2017,10-12-2017,1,3
1290,967,Completed,08-12-2017,10-12-2017,10-12-2017,2,6
1291,1284,Completed,09-12-2017,11-12-2017,12-12-2017,2,6
1292,285,Completed,10-12-2017,13-12-2017,11-12-2017,2,6
1293,1401,Completed,10-12-2017,12-12-2017,11-12-2017,2,7
1294,947,Completed,11-12-2017,13-12-2017,14-12-2017,1,2
1295,37,Completed,11-12-2017,12-12-2017,14-12-2017,2,7
1296,231,Completed,14-12-2017,17-12-2017,15-12-2017,1,3
1297,108,Completed,14-12-2017,17-12-2017,16-12-2017,2,6
1298,533,Completed,14-12-2017,17-12-2017,16-12-2017,3,9
1299,1216,Completed,15-12-2017,18-12-2017,16-12-2017,1,2
1300,824,Completed,15-12-2017,17-12-2017,17-12-2017,2,6
1301,1088,Completed,16-12-2017,19-12-2017,19-12-2017,1,3
1302,322,Completed,16-12-2017,18-12-2017,19-12-2017,2,7
1303,878,Completed,16-12-2017,19-12-2017,18-12-2017,2,7
1304,1409,Completed,16-12-2017,17-12-2017,17-12-2017,2,6
1305,257,Completed,17-12-2017,19-12-2017,18-12-2017,2,7
1306,28,Completed,20-12-2017,21-12-2017,22-12-2017,2,6
1307,1384,Completed,22-12-2017,23-12-2017,25-12-2017,1,2
1308,713,Completed,22-12-2017,24-12-2017,24-12-2017,2,7
1309,821,Completed,22-12-2017,25-12-2017,24-12-2017,2,6
1310,444,Completed,24-12-2017,25-12-2017,26-12-2017,1,3
1311,1021,Completed,24-12-2017,26-12-2017,27-12-2017,2,6
1312,311,Completed,25-12-2017,28-12-2017,26-12-2017,1,3
1313,1294,Completed,25-12-2017,27-12-2017,27-12-2017,1,3
1314,1027,Completed,25-12-2017,26-12-2017,28-12-2017,2,7
1315,931,Completed,25-12-2017,27-12-2017,28-12-2017,3,9
1316,846,Completed,26-12-2017,29-12-2017,27-12-2017,1,3
1317,418,Completed,27-12-2017,28-12-2017,29-12-2017,1,3
1318,75,Completed,27-12-2017,30-12-2017,29-12-2017,2,6
1319,604,Completed,27-12-2017,30-12-2017,30-12-2017,2,6
1320,244,Completed,28-12-2017,30-12-2017,29-12-2017,1,3
1321,217,Completed,30-12-2017,31-12-2017,31-12-2017,1,3
1322,39,Completed,31-12-2017,03-01-2018,02-01-2018,2,7
1323,273,Completed,31-12-2017,01-01-2018,01-01-2018,2,6
1324,862,Completed,01-01-2018,04-01-2018,03-01-2018,2,6
1325,68,Completed,01-01-2018,02-01-2018,03-01-2018,3,8
1326,567,Completed,01-01-2018,03-01-2018,02-01-2018,3,9
1327,1026,Completed,02-01-2018,03-01-2018,05-01-2018,2,6
1328,1083,Completed,02-01-2018,03-01-2018,03-01-2018,2,6
1329,443,Completed,04-01-2018,05-01-2018,06-01-2018,1,3
1330,761,Completed,04-01-2018,05-01-2018,07-01-2018,2,7
1331,1122,Completed,05-01-2018,06-01-2018,08-01-2018,2,6
1332,256,Completed,06-01-2018,07-01-2018,09-01-2018,2,7
1333,203,Completed,06-01-2018,07-01-2018,07-01-2018,3,8
1334,425,Completed,07-01-2018,09-01-2018,10-01-2018,2,6
1335,955,Completed,07-01-2018,08-01-2018,08-01-2018,2,7
1336,904,Completed,09-01-2018,10-01-2018,12-01-2018,1,2
1337,970,Completed,09-01-2018,12-01-2018,12-01-2018,2,7
1338,905,Completed,10-01-2018,11-01-2018,13-01-2018,2,6
1339,580,Completed,11-01-2018,14-01-2018,13-01-2018,1,3
1340,1066,Completed,12-01-2018,13-01-2018,13-01-2018,1,3
1341,1258,Completed,12-01-2018,13-01-2018,14-01-2018,2,7
1342,1393,Completed,12-01-2018,13-01-2018,15-01-2018,2,7
1343,594,Completed,13-01-2018,15-01-2018,14-01-2018,2,6
1344,916,Completed,13-01-2018,16-01-2018,15-01-2018,2,6
1345,1037,Completed,14-01-2018,15-01-2018,15-01-2018,2,6
1346,136,Completed,14-01-2018,15-01-2018,15-01-2018,3,8
1347,247,Completed,15-01-2018,18-01-2018,18-01-2018,1,2
1348,1214,Completed,15-01-2018,17-01-2018,17-01-2018,1,2
1349,464,Completed,15-01-2018,17-01-2018,16-01-2018,2,6
1350,637,Completed,15-01-2018,18-01-2018,17-01-2018,2,7
1351,1016,Completed,16-01-2018,19-01-2018,19-01-2018,2,7
1352,1433,Completed,16-01-2018,18-01-2018,18-01-2018,2,6
1353,502,Completed,17-01-2018,19-01-2018,18-01-2018,2,6
1354,476,Completed,19-01-2018,20-01-2018,21-01-2018,1,3
1355,1010,Completed,19-01-2018,21-01-2018,20-01-2018,2,7
1356,1161,Completed,19-01-2018,21-01-2018,22-01-2018,2,6
1357,440,Completed,20-01-2018,23-01-2018,21-01-2018,2,6
1358,253,Completed,21-01-2018,23-01-2018,24-01-2018,1,2
1359,1008,Completed,21-01-2018,22-01-2018,22-01-2018,3,9
1360,71,Completed,22-01-2018,25-01-2018,24-01-2018,2,6
1361,1084,Completed,22-01-2018,24-01-2018,23-01-2018,2,7
1362,310,Completed,23-01-2018,24-01-2018,25-01-2018,2,6
1363,860,Completed,24-01-2018,25-01-2018,25-01-2018,2,6
1364,122,Completed,25-01-2018,28-01-2018,28-01-2018,2,6
1365,689,Completed,25-01-2018,28-01-2018,27-01-2018,2,7
1366,1441,Completed,26-01-2018,27-01-2018,28-01-2018,2,6
1367,1118,Completed,27-01-2018,28-01-2018,28-01-2018,1,3
1368,765,Completed,27-01-2018,28-01-2018,29-01-2018,2,6
1369,92,Completed,28-01-2018,30-01-2018,30-01-2018,2,6
1370,115,Completed,28-01-2018,29-01-2018,29-01-2018,2,7
1371,937,Completed,29-01-2018,30-01-2018,01-02-2018,2,7
1372,1013,Completed,29-01-2018,01-02-2018,30-01-2018,2,6
1373,427,Completed,29-01-2018,31-01-2018,31-01-2018,3,9
1374,1330,Completed,30-01-2018,01-02-2018,01-02-2018,1,3
1375,312,Completed,30-01-2018,01-02-2018,01-02-2018,3,8
1376,1186,Completed,01-02-2018,02-02-2018,03-02-2018,1,2
1377,1007,Completed,01-02-2018,03-02-2018,03-02-2018,2,7
1378,983,Completed,02-02-2018,05-02-2018,04-02-2018,1,2
1379,1256,Completed,02-02-2018,05-02-2018,05-02-2018,2,6
1380,818,Completed,05-02-2018,08-02-2018,08-02-2018,1,3
1381,680,Completed,05-02-2018,06-02-2018,08-02-2018,2,7
1382,1303,Completed,06-02-2018,09-02-2018,08-02-2018,2,6
1383,488,Completed,07-02-2018,08-02-2018,08-02-2018,1,3
1384,1126,Completed,08-02-2018,10-02-2018,09-02-2018,2,7
1385,866,Completed,08-02-2018,11-02-2018,09-02-2018,3,9
1386,1254,Completed,09-02-2018,10-02-2018,11-02-2018,1,2
1387,11,Completed,09-02-2018,11-02-2018,11-02-2018,2,7
1388,323,Completed,09-02-2018,12-02-2018,12-02-2018,2,7
1389,491,Completed,11-02-2018,12-02-2018,14-02-2018,2,7
1390,63,Completed,12-02-2018,13-02-2018,13-02-2018,2,7
1391,914,Completed,13-02-2018,14-02-2018,14-02-2018,2,7
1392,1187,Completed,13-02-2018,14-02-2018,14-02-2018,2,6
1393,547,Completed,14-02-2018,15-02-2018,15-02-2018,2,7
1394,906,Completed,14-02-2018,16-02-2018,16-02-2018,3,8
1395,1052,Completed,15-02-2018,18-02-2018,16-02-2018,1,3
1396,856,Completed,15-02-2018,18-02-2018,16-02-2018,2,7
1397,920,Completed,15-02-2018,17-02-2018,16-02-2018,2,6
1398,1383,Completed,16-02-2018,19-02-2018,19-02-2018,1,3
1399,146,Completed,16-02-2018,18-02-2018,18-02-2018,2,6
1400,987,Completed,17-02-2018,18-02-2018,18-02-2018,2,6
1401,15,Completed,18-02-2018,19-02-2018,20-02-2018,2,7
1402,1171,Completed,19-02-2018,21-02-2018,21-02-2018,2,6
1403,452,Completed,21-02-2018,22-02-2018,22-02-2018,2,7
1404,1240,Completed,23-02-2018,26-02-2018,24-02-2018,1,3
1405,100,Completed,25-02-2018,28-02-2018,27-02-2018,2,6
1406,1053,Completed,25-02-2018,27-02-2018,27-02-2018,2,7
1407,18,Rejected,26-02-2018,26-02-2018,Pending,2,6
1408,1172,Completed,26-02-2018,27-02-2018,01-03-2018,2,6
1409,21,Completed,26-02-2018,28-02-2018,28-02-2018,3,8
1410,1005,Completed,27-02-2018,28-02-2018,28-02-2018,2,7
1411,109,Completed,01-03-2018,02-03-2018,02-03-2018,1,2
1412,1043,Completed,01-03-2018,02-03-2018,04-03-2018,2,7
1413,56,Completed,01-03-2018,03-03-2018,04-03-2018,3,8
1414,293,Completed,03-03-2018,05-03-2018,06-03-2018,2,7
1415,839,Completed,03-03-2018,04-03-2018,05-03-2018,2,7
1416,566,Completed,03-03-2018,04-03-2018,06-03-2018,3,8
1417,300,Completed,04-03-2018,06-03-2018,07-03-2018,1,2
1418,364,Completed,04-03-2018,05-03-2018,07-03-2018,2,6
1419,474,Completed,04-03-2018,07-03-2018,07-03-2018,2,6
1420,838,Completed,04-03-2018,05-03-2018,07-03-2018,2,7
1421,1176,Completed,05-03-2018,07-03-2018,07-03-2018,2,7
1422,599,Completed,05-03-2018,06-03-2018,08-03-2018,3,8
1423,1231,Completed,06-03-2018,07-03-2018,07-03-2018,1,2
1424,1445,Completed,07-03-2018,10-03-2018,10-03-2018,1,2
1425,126,Completed,07-03-2018,09-03-2018,09-03-2018,2,6
1426,938,Completed,07-03-2018,08-03-2018,10-03-2018,2,6
1427,999,Completed,07-03-2018,08-03-2018,08-03-2018,2,6
1428,195,Completed,08-03-2018,10-03-2018,11-03-2018,2,7
1429,1116,Completed,08-03-2018,09-03-2018,09-03-2018,2,6
1430,1239,Completed,10-03-2018,13-03-2018,11-03-2018,2,7
1431,308,Completed,11-03-2018,12-03-2018,14-03-2018,2,6
1432,483,Completed,11-03-2018,12-03-2018,14-03-2018,2,6
1433,1142,Completed,11-03-2018,13-03-2018,12-03-2018,2,7
1434,595,Completed,14-03-2018,16-03-2018,16-03-2018,2,6
1435,744,Completed,14-03-2018,15-03-2018,16-03-2018,2,6
1436,1044,Completed,14-03-2018,17-03-2018,16-03-2018,2,6
1437,518,Completed,15-03-2018,16-03-2018,16-03-2018,1,2
1438,263,Completed,15-03-2018,17-03-2018,16-03-2018,2,6
1439,463,Completed,15-03-2018,16-03-2018,17-03-2018,2,7
1440,859,Completed,15-03-2018,18-03-2018,16-03-2018,3,8
1441,982,Completed,15-03-2018,16-03-2018,18-03-2018,3,8
1442,478,Completed,16-03-2018,17-03-2018,17-03-2018,2,7
1443,972,Completed,16-03-2018,17-03-2018,17-03-2018,2,7
1444,1154,Completed,16-03-2018,17-03-2018,19-03-2018,2,6
1445,515,Completed,17-03-2018,18-03-2018,20-03-2018,2,7
1446,820,Completed,17-03-2018,18-03-2018,18-03-2018,2,6
1447,1419,Completed,18-03-2018,20-03-2018,20-03-2018,1,3
1448,228,Completed,18-03-2018,19-03-2018,21-03-2018,2,6
1449,330,Completed,18-03-2018,19-03-2018,20-03-2018,2,7
1450,296,Completed,19-03-2018,20-03-2018,22-03-2018,2,7
1451,822,Completed,19-03-2018,22-03-2018,20-03-2018,2,6
1452,287,Completed,20-03-2018,23-03-2018,23-03-2018,1,3
1453,601,Completed,20-03-2018,23-03-2018,22-03-2018,1,3
1454,395,Completed,20-03-2018,21-03-2018,22-03-2018,2,6
1455,405,Completed,20-03-2018,22-03-2018,21-03-2018,2,6
1456,754,Completed,20-03-2018,21-03-2018,23-03-2018,2,7
1457,1411,Completed,20-03-2018,23-03-2018,23-03-2018,2,6
1458,1029,Completed,20-03-2018,22-03-2018,21-03-2018,3,8
1459,9,Completed,21-03-2018,22-03-2018,22-03-2018,2,7
1460,1131,Completed,21-03-2018,23-03-2018,23-03-2018,2,7
1461,139,Completed,22-03-2018,25-03-2018,23-03-2018,2,6
1462,1101,Completed,22-03-2018,24-03-2018,24-03-2018,2,6
1463,692,Completed,23-03-2018,24-03-2018,24-03-2018,2,7
1464,1279,Completed,24-03-2018,25-03-2018,25-03-2018,2,7
1465,623,Completed,25-03-2018,28-03-2018,28-03-2018,2,7
1466,738,Completed,26-03-2018,29-03-2018,28-03-2018,1,3
1467,152,Completed,26-03-2018,27-03-2018,29-03-2018,2,7
1468,3,Completed,27-03-2018,30-03-2018,29-03-2018,1,2
1469,1135,Completed,27-03-2018,28-03-2018,30-03-2018,3,8
1470,505,Completed,28-03-2018,31-03-2018,31-03-2018,2,7
1471,1310,Completed,28-03-2018,30-03-2018,29-03-2018,2,7
1472,114,Completed,29-03-2018,30-03-2018,31-03-2018,2,6
1473,302,Completed,30-03-2018,01-04-2018,02-04-2018,1,2
1474,816,Completed,30-03-2018,01-04-2018,02-04-2018,1,3
1475,112,Completed,30-03-2018,01-04-2018,31-03-2018,2,6
1476,35,Completed,31-03-2018,01-04-2018,01-04-2018,2,7
1477,180,Completed,31-03-2018,03-04-2018,01-04-2018,2,6
1478,392,Completed,31-03-2018,02-04-2018,02-04-2018,2,6
1479,23,Processing,01-04-2018,01-04-2018,Pending,2,7
1480,27,Processing,01-04-2018,01-04-2018,Pending,2,7
1481,62,Pending,01-04-2018,01-04-2018,Pending,2,6
1482,94,Pending,01-04-2018,01-04-2018,Pending,2,7
1483,15,Pending,02-04-2018,02-04-2018,Pending,2,7
1484,35,Processing,02-04-2018,02-04-2018,Pending,2,6
1485,51,Processing,02-04-2018,02-04-2018,Pending,2,7
1486,84,Processing,02-04-2018,02-04-2018,Pending,2,7
1487,33,Pending,03-04-2018,03-04-2018,Pending,1,3
1488,181,Processing,03-04-2018,03-04-2018,Pending,1,3
1489,194,Pending,03-04-2018,03-04-2018,Pending,1,3
1490,217,Processing,03-04-2018,03-04-2018,Pending,1,3
1491,82,Pending,04-04-2018,04-04-2018,Pending,1,3
1492,41,Pending,04-04-2018,04-04-2018,Pending,2,7
1493,64,Processing,04-04-2018,04-04-2018,Pending,3,8
1494,69,Processing,05-04-2018,05-04-2018,Pending,1,3
1495,86,Processing,05-04-2018,05-04-2018,Pending,2,7
1496,3,Pending,06-04-2018,06-04-2018,Pending,1,3
1497,31,Processing,06-04-2018,06-04-2018,Pending,1,2
1498,81,Pending,06-04-2018,06-04-2018,Pending,1,2
1499,120,Processing,06-04-2018,06-04-2018,Pending,1,2
1500,151,Processing,06-04-2018,06-04-2018,Pending,1,3
1501,52,Pending,06-04-2018,06-04-2018,Pending,2,6
1502,83,Processing,06-04-2018,06-04-2018,Pending,2,6
1503,208,Processing,07-04-2018,07-04-2018,Pending,1,3
1504,237,Processing,08-04-2018,08-04-2018,Pending,1,2
1505,22,Pending,08-04-2018,08-04-2018,Pending,2,7
1506,75,Pending,08-04-2018,08-04-2018,Pending,2,7
1507,85,Processing,08-04-2018,08-04-2018,Pending,2,6
1508,92,Processing,08-04-2018,08-04-2018,Pending,2,6
1509,2,Pending,09-04-2018,09-04-2018,Pending,1,3
1510,16,Processing,09-04-2018,09-04-2018,Pending,2,6
1511,25,Pending,09-04-2018,09-04-2018,Pending,2,6
1512,68,Pending,09-04-2018,09-04-2018,Pending,3,9
1513,32,Processing,10-04-2018,10-04-2018,Pending,1,2
1514,87,Processing,10-04-2018,10-04-2018,Pending,1,3
1515,61,Pending,10-04-2018,10-04-2018,Pending,3,9
1516,47,Processing,11-04-2018,11-04-2018,Pending,1,3
1517,97,Pending,11-04-2018,11-04-2018,Pending,1,2
1518,175,Pending,11-04-2018,11-04-2018,Pending,1,2
1519,26,Processing,11-04-2018,11-04-2018,Pending,2,7
1520,66,Processing,11-04-2018,11-04-2018,Pending,3,8
1521,53,Pending,12-04-2018,12-04-2018,Pending,1,3
1522,78,Pending,12-04-2018,12-04-2018,Pending,1,3
1523,8,Pending,12-04-2018,12-04-2018,Pending,2,7
1524,37,Pending,12-04-2018,12-04-2018,Pending,2,6
1525,38,Processing,12-04-2018,12-04-2018,Pending,2,7
1526,59,Processing,12-04-2018,12-04-2018,Pending,2,7
1527,13,Processing,12-04-2018,12-04-2018,Pending,3,9
1528,20,Pending,12-04-2018,12-04-2018,Pending,3,8
1529,50,Pending,12-04-2018,12-04-2018,Pending,3,8
1530,110,Pending,13-04-2018,13-04-2018,Pending,1,2
1531,233,Pending,13-04-2018,13-04-2018,Pending,1,2
1532,7,Processing,13-04-2018,13-04-2018,Pending,2,7
1533,28,Processing,13-04-2018,13-04-2018,Pending,2,6
1534,18,Processing,14-04-2018,14-04-2018,Pending,2,7
1535,19,Processing,14-04-2018,14-04-2018,Pending,2,7
1536,34,Processing,14-04-2018,14-04-2018,Pending,2,7
1537,36,Pending,15-04-2018,15-04-2018,Pending,2,6
1538,79,Processing,15-04-2018,15-04-2018,Pending,2,6
1539,116,Pending,15-04-2018,15-04-2018,Pending,3,9
1540,187,Pending,16-04-2018,16-04-2018,Pending,1,2
1541,10,Processing,16-04-2018,16-04-2018,Pending,2,7
1542,58,Processing,16-04-2018,16-04-2018,Pending,2,6
1543,76,Pending,16-04-2018,16-04-2018,Pending,2,6
1544,5,Pending,17-04-2018,17-04-2018,Pending,1,2
1545,67,Pending,17-04-2018,17-04-2018,Pending,1,3
1546,91,Processing,17-04-2018,17-04-2018,Pending,1,3
1547,169,Pending,17-04-2018,17-04-2018,Pending,1,3
1548,170,Pending,17-04-2018,17-04-2018,Pending,1,2
1549,17,Pending,17-04-2018,17-04-2018,Pending,2,7
1550,39,Pending,17-04-2018,17-04-2018,Pending,2,6
1551,70,Pending,17-04-2018,17-04-2018,Pending,2,7
1552,73,Pending,17-04-2018,17-04-2018,Pending,2,7
1553,30,Processing,18-04-2018,18-04-2018,Pending,1,3
1554,172,Pending,18-04-2018,18-04-2018,Pending,1,3
1555,1,Pending,18-04-2018,18-04-2018,Pending,2,7
1556,4,Processing,18-04-2018,18-04-2018,Pending,2,6
1557,121,Processing,19-04-2018,19-04-2018,Pending,1,3
1558,63,Pending,19-04-2018,19-04-2018,Pending,2,6
1559,42,Processing,20-04-2018,20-04-2018,Pending,2,6
1560,57,Pending,20-04-2018,20-04-2018,Pending,2,7
1561,65,Processing,20-04-2018,20-04-2018,Pending,2,7
1562,88,Pending,20-04-2018,20-04-2018,Pending,2,7
1563,77,Processing,20-04-2018,20-04-2018,Pending,3,9
1564,46,Pending,21-04-2018,21-04-2018,Pending,1,3
1565,60,Processing,21-04-2018,21-04-2018,Pending,1,2
1566,72,Pending,21-04-2018,21-04-2018,Pending,1,3
1567,89,Processing,21-04-2018,21-04-2018,Pending,1,2
1568,192,Processing,21-04-2018,21-04-2018,Pending,1,3
1569,29,Processing,22-04-2018,22-04-2018,Pending,2,7
1570,54,Processing,22-04-2018,22-04-2018,Pending,2,7
1571,80,Pending,22-04-2018,22-04-2018,Pending,2,7
1572,14,Pending,22-04-2018,22-04-2018,Pending,3,9
1573,24,Processing,23-04-2018,23-04-2018,Pending,1,2
1574,124,Pending,23-04-2018,23-04-2018,Pending,1,2
1575,224,Processing,23-04-2018,23-04-2018,Pending,1,3
1576,12,Processing,23-04-2018,23-04-2018,Pending,2,7
1577,48,Pending,23-04-2018,23-04-2018,Pending,2,7
1578,93,Processing,23-04-2018,23-04-2018,Pending,2,7
1579,104,Processing,24-04-2018,24-04-2018,Pending,1,2
1580,191,Processing,24-04-2018,24-04-2018,Pending,1,2
1581,188,Processing,25-04-2018,25-04-2018,Pending,1,2
1582,240,Pending,25-04-2018,25-04-2018,Pending,1,3
1583,44,Pending,25-04-2018,25-04-2018,Pending,2,6
1584,109,Processing,26-04-2018,26-04-2018,Pending,1,3
1585,157,Pending,26-04-2018,26-04-2018,Pending,1,3
1586,176,Pending,26-04-2018,26-04-2018,Pending,1,2
1587,231,Processing,26-04-2018,26-04-2018,Pending,1,2
1588,11,Pending,26-04-2018,26-04-2018,Pending,2,6
1589,40,Processing,27-04-2018,27-04-2018,Pending,1,3
1590,138,Pending,27-04-2018,27-04-2018,Pending,1,3
1591,165,Processing,27-04-2018,27-04-2018,Pending,1,2
1592,6,Processing,27-04-2018,27-04-2018,Pending,2,7
1593,9,Pending,27-04-2018,27-04-2018,Pending,2,6
1594,45,Pending,28-04-2018,28-04-2018,Pending,2,7
1595,71,Processing,28-04-2018,28-04-2018,Pending,2,7
1596,21,Processing,28-04-2018,28-04-2018,Pending,3,8
1597,56,Pending,28-04-2018,28-04-2018,Pending,3,9
1598,239,Processing,29-04-2018,29-04-2018,Pending,1,3
1599,49,Pending,29-04-2018,29-04-2018,Pending,2,7
1600,90,Pending,29-04-2018,29-04-2018,Pending,2,6
1601,43,Pending,29-04-2018,29-04-2018,Pending,3,8
1602,55,Pending,30-04-2018,30-04-2018,Pending,2,6
1603,74,Processing,30-04-2018,30-04-2018,Pending,2,6
1604,7,Rejected,17-06-2018,17-06-2018,Pending,2,7
1605,123,Rejected,01-07-2018,01-07-2018,Pending,3,8
1606,119,Rejected,10-07-2018,10-07-2018,Pending,3,8
1607,33,Rejected,11-07-2018,11-07-2018,Pending,1,2
1608,53,Rejected,12-07-2018,12-07-2018,Pending,1,2
1609,10,Rejected,23-08-2018,23-08-2018,Pending,2,7
1610,15,Rejected,25-08-2018,25-08-2018,Pending,2,7
1611,6,Rejected,06-09-2018,06-09-2018,Pending,2,7
1612,3,Rejected,21-10-2018,21-10-2018,Pending,1,3
1613,1,Rejected,18-11-2018,18-11-2018,Pending,2,6
1614,135,Rejected,28-11-2018,28-11-2018,Pending,3,8
1615,136,Rejected,28-12-2018,28-12-2018,Pending,3,8
